CategoryLabelName,CategoryTextName,LabelName,TextName,Top1Name,Top1Value,Top2Name,Top2Value,Top3Name,Top3Value,Top4Name,Top4Value,Top5Name,Top5Value
/m/0138tl,Toy,/m/0167gd,Doll,Balloon,0.9702208042144775,Teddy bear,1.0007693767547607,Dice,1.023766040802002,Flying disc,1.059637188911438,Kite,1.0839799642562866
/m/0138tl,Toy,/m/01j51,Balloon,Flying disc,0.965357780456543,Doll,0.9702208042144775,Teddy bear,1.0252950191497803,Dice,1.1157989501953125,Kite,1.1196130514144897
/m/0138tl,Toy,/m/029b3,Dice,Kite,1.009127140045166,Doll,1.023766040802002,Flying disc,1.0245018005371094,Teddy bear,1.093841552734375,Balloon,1.1157989501953125
/m/0138tl,Toy,/m/02wmf,Flying disc,Balloon,0.965357780456543,Teddy bear,1.0220321416854858,Dice,1.0245018005371094,Doll,1.059637188911438,Kite,1.0804705619812012
/m/0138tl,Toy,/m/02zt3,Kite,Dice,1.009127140045166,Teddy bear,1.0558922290802002,Flying disc,1.0804705619812012,Doll,1.0839799642562866,Balloon,1.1196130514144897
/m/0138tl,Toy,/m/0kmg4,Teddy bear,Doll,1.0007693767547607,Flying disc,1.0220321416854858,Balloon,1.0252950191497803,Kite,1.0558922290802002,Dice,1.093841552734375
/m/019dx1,Home appliance,/m/0174k2,Washing machine,Sewing machine,0.582440197467804,Dishwasher,0.6364750266075134,Hand dryer,0.6978313326835632,Hair dryer,0.7092270851135254,Oven,0.8338910937309265
/m/019dx1,Home appliance,/m/01k6s3,Toaster,Heater,0.8429718017578125,Oven,0.8452844023704529,Dishwasher,0.8777622580528259,Mixer,0.8815903663635254,Wood-burning stove,0.9030628204345703
/m/019dx1,Home appliance,/m/029bxz,Oven,Microwave oven,0.7396904230117798,Heater,0.8209946155548096,Washing machine,0.8338910937309265,Wood-burning stove,0.8360114693641663,Refrigerator,0.8439401984214783
/m/019dx1,Home appliance,/m/02pjr4,Blender,Mixer,0.779816210269928,Heater,0.8829535841941833,Coffeemaker,0.9018895626068115,Oven,0.9144642949104309,Refrigerator,0.9172769784927368
/m/019dx1,Home appliance,/m/02wv84t,Gas stove,Wood-burning stove,0.6474608182907104,Microwave oven,0.869550883769989,Oven,0.8793113231658936,Heater,0.9206544160842896,Toaster,0.9357231855392456
/m/019dx1,Home appliance,/m/02x984l,Mechanical fan,Ceiling fan,0.6763724088668823,Washing machine,0.8920133113861084,Sewing machine,0.9128605127334595,Heater,0.9200876951217651,Hair dryer,0.9306837916374207
/m/019dx1,Home appliance,/m/03qhv5,Heater,Mixer,0.7743174433708191,Refrigerator,0.7881926894187927,Oven,0.8209946155548096,Kettle,0.8300722241401672,Toaster,0.8429718017578125
/m/019dx1,Home appliance,/m/03s_tn,Kettle,Heater,0.8300722241401672,Oven,0.9116026759147644,Sewing machine,0.929445743560791,Washing machine,0.9324951767921448,Blender,0.9409817457199097
/m/019dx1,Home appliance,/m/03wvsk,Hair dryer,Hand dryer,0.5625255703926086,Washing machine,0.7092270851135254,Dishwasher,0.7616055011749268,Sewing machine,0.7859840989112854,Heater,0.8606566786766052
/m/019dx1,Home appliance,/m/040b_t,Refrigerator,Heater,0.7881926894187927,Dishwasher,0.8379231095314026,Oven,0.8439401984214783,Washing machine,0.84530109167099,Mixer,0.8752591013908386
/m/019dx1,Home appliance,/m/04169hn,Wood-burning stove,Gas stove,0.6474608182907104,Oven,0.8360114693641663,Microwave oven,0.8773853182792664,Toaster,0.9030628204345703,Heater,0.9151055812835693
/m/019dx1,Home appliance,/m/04lvq_,Humidifier,Heater,0.8531023263931274,Hair dryer,0.8707790970802307,Hand dryer,0.9022399187088013,Mixer,0.916427493095398,Dishwasher,0.9207252860069275
/m/019dx1,Home appliance,/m/063rgb,Mixer,Heater,0.7743174433708191,Blender,0.779816210269928,Dishwasher,0.8505153656005859,Washing machine,0.8606523275375366,Hair dryer,0.8650574684143066
/m/019dx1,Home appliance,/m/07xyvk,Coffeemaker,Mixer,0.8997727036476135,Heater,0.899843156337738,Refrigerator,0.9012713432312012,Blender,0.9018895626068115,Oven,0.9575475454330444
/m/019dx1,Home appliance,/m/0fx9l,Microwave oven,Oven,0.7396904230117798,Washing machine,0.8375391960144043,Gas stove,0.869550883769989,Wood-burning stove,0.8773853182792664,Sewing machine,0.8880597949028015
/m/019dx1,Home appliance,/m/0ky7b,Dishwasher,Washing machine,0.6364750266075134,Hair dryer,0.7616055011749268,Hand dryer,0.7706016302108765,Sewing machine,0.8294724225997925,Refrigerator,0.8379231095314026
/m/019dx1,Home appliance,/m/0llzx,Sewing machine,Washing machine,0.582440197467804,Hand dryer,0.7750872373580933,Hair dryer,0.7859840989112854,Dishwasher,0.8294724225997925,Oven,0.8560940027236938
/m/019dx1,Home appliance,/m/0c3m8g,Hand dryer,Hair dryer,0.5625255703926086,Washing machine,0.6978313326835632,Dishwasher,0.7706016302108765,Sewing machine,0.7750872373580933,Mixer,0.8658455610275269
/m/019dx1,Home appliance,/m/03ldnb,Ceiling fan,Mechanical fan,0.6763724088668823,Sewing machine,0.8864170908927917,Heater,0.8932279348373413,Hair dryer,0.9183329343795776,Washing machine,0.9213053584098816
/m/02pkr5,Plumbing fixture,/m/0130jx,Sink,Shower,0.9156636595726013,Bathtub,0.9336429834365845,Tap,0.9681421518325806,Bidet,0.9695566296577454,Toilet,0.9819963574409485
/m/02pkr5,Plumbing fixture,/m/01vbnl,Bidet,Bathtub,0.785712718963623,Toilet,0.7881627678871155,Shower,0.9391062259674072,Sink,0.9695566296577454,Tap,1.0263912677764893
/m/02pkr5,Plumbing fixture,/m/02f9f_,Shower,Bathtub,0.8496596217155457,Toilet,0.8821054100990295,Sink,0.9156636595726013,Bidet,0.9391062259674072,Tap,0.9758411049842834
/m/02pkr5,Plumbing fixture,/m/02jz0l,Tap,Toilet,0.941861629486084,Bathtub,0.958252489566803,Sink,0.9681421518325806,Shower,0.9758411049842834,Bidet,1.0263912677764893
/m/02pkr5,Plumbing fixture,/m/03dnzn,Bathtub,Toilet,0.7715418934822083,Bidet,0.785712718963623,Shower,0.8496596217155457,Sink,0.9336429834365845,Tap,0.958252489566803
/m/02pkr5,Plumbing fixture,/m/09g1w,Toilet,Bathtub,0.7715418934822083,Bidet,0.7881627678871155,Shower,0.8821054100990295,Tap,0.941861629486084,Sink,0.9819963574409485
/m/02rdsp,Office supplies,/m/01lsmm,Scissors,Eraser,0.813350260257721,Paper cutter,0.912931501865387,Pencil sharpener,0.9733909964561462,Box,0.9734789133071899,Envelope,0.9775710105895996
/m/02rdsp,Office supplies,/m/01n5jq,Poster,Adhesive tape,0.9178327322006226,Box,0.9231920838356018,Plastic bag,0.9293749928474426,Toilet paper,0.9373759031295776,Eraser,0.9467501640319824
/m/02rdsp,Office supplies,/m/024d2,Calculator,Paper cutter,0.9017283916473389,Fax,0.9342013597488403,Box,0.9497319459915161,Eraser,0.975418746471405,Pencil sharpener,0.9764785766601562
/m/02rdsp,Office supplies,/m/025dyy,Box,Envelope,0.9091241359710693,Poster,0.9231920838356018,Fax,0.9349586367607117,Calculator,0.9497319459915161,Scissors,0.9734789133071899
/m/02rdsp,Office supplies,/m/025fsf,Stapler,Poster,0.9762872457504272,Eraser,0.9884359836578369,Pen,1.0058866739273071,Scissors,1.0292609930038452,Pencil sharpener,1.0317816734313965
/m/02rdsp,Office supplies,/m/02d9qx,Whiteboard,Toilet paper,0.9692159295082092,Poster,0.9710606932640076,Box,0.97745281457901,Paper cutter,0.9929279685020447,Envelope,0.9934653639793396
/m/02rdsp,Office supplies,/m/02ddwp,Pencil sharpener,Pencil case,0.7871323823928833,Paper cutter,0.8657028675079346,Pen,0.8896511197090149,Eraser,0.8975663781166077,Scissors,0.9733909964561462
/m/02rdsp,Office supplies,/m/02fh7f,Eraser,Scissors,0.813350260257721,Paper cutter,0.889392077922821,Pencil sharpener,0.8975663781166077,Pen,0.9427772164344788,Poster,0.9467501640319824
/m/02rdsp,Office supplies,/m/02xqq,Fax,Calculator,0.9342013597488403,Box,0.9349586367607117,Poster,0.9625928401947021,Adhesive tape,0.9687992930412292,Envelope,0.9807473421096802
/m/02rdsp,Office supplies,/m/03m3vtv,Adhesive tape,Toilet paper,0.8633895516395569,Poster,0.9178327322006226,Ring binder,0.9288338422775269,Paper cutter,0.9368230700492859,Plastic bag,0.9398991465568542
/m/02rdsp,Office supplies,/m/04zwwv,Ring binder,Adhesive tape,0.9288338422775269,Plastic bag,1.0012116432189941,Paper cutter,1.0034003257751465,Calculator,1.0039299726486206,Scissors,1.0109714269638062
/m/02rdsp,Office supplies,/m/05676x,Pencil case,Pencil sharpener,0.7871323823928833,Pen,0.8263174295425415,Plastic bag,0.9121953248977661,Paper cutter,0.9495363235473633,Adhesive tape,0.9583079814910889
/m/02rdsp,Office supplies,/m/05gqfk,Plastic bag,Toilet paper,0.8600891828536987,Pencil case,0.9121953248977661,Poster,0.9293749928474426,Adhesive tape,0.9398991465568542,Paper cutter,0.9592254757881165
/m/02rdsp,Office supplies,/m/080n7g,Paper cutter,Toilet paper,0.7812521457672119,Pencil sharpener,0.8657028675079346,Eraser,0.889392077922821,Calculator,0.9017283916473389,Scissors,0.912931501865387
/m/02rdsp,Office supplies,/m/09gtd,Toilet paper,Paper cutter,0.7812521457672119,Plastic bag,0.8600891828536987,Adhesive tape,0.8633895516395569,Poster,0.9373759031295776,Whiteboard,0.9692159295082092
/m/02rdsp,Office supplies,/m/0frqm,Envelope,Box,0.9091241359710693,Adhesive tape,0.954582691192627,Scissors,0.9775710105895996,Fax,0.9807473421096802,Poster,0.980838418006897
/m/02rdsp,Office supplies,/m/0k1tl,Pen,Pencil case,0.8263174295425415,Pencil sharpener,0.8896511197090149,Eraser,0.9427772164344788,Poster,0.954492449760437,Envelope,0.984674334526062
/m/03hlz0c,Kitchen utensil,/m/01_5g,Chopsticks,Whisk,0.9061822295188904,Cutting board,0.9157123565673828,Knife,0.9349184036254883,Spoon,0.9368446469306946,Spatula,0.9651181697845459
/m/03hlz0c,Kitchen utensil,/m/027rl48,Ladle,Fork,1.0484986305236816,Knife,1.052079677581787,Spatula,1.0618783235549927,Whisk,1.081932544708252,Bottle opener,1.0855594873428345
/m/03hlz0c,Kitchen utensil,/m/02d1br,Spatula,Spoon,0.8262137770652771,Knife,0.8760559558868408,Cutting board,0.9024819731712341,Pizza cutter,0.9327589273452759,Chopsticks,0.9651181697845459
/m/03hlz0c,Kitchen utensil,/m/02mqfb,Can opener,Bottle opener,0.8294814825057983,Pizza cutter,1.0741057395935059,Measuring cup,1.0830920934677124,Cutting board,1.0866807699203491,Drinking straw,1.1014055013656616
/m/03hlz0c,Kitchen utensil,/m/02pdsw,Cutting board,Pizza cutter,0.757813036441803,Measuring cup,0.8685671091079712,Knife,0.8918971419334412,Spatula,0.9024819731712341,Chopsticks,0.9157123565673828
/m/03hlz0c,Kitchen utensil,/m/02vwcm,Whisk,Chopsticks,0.9061822295188904,Fork,0.9778185486793518,Spoon,0.9810009002685547,Knife,0.9816609621047974,Drinking straw,0.9948472380638123
/m/03hlz0c,Kitchen utensil,/m/03v5tg,Drinking straw,Measuring cup,0.845524787902832,Bottle opener,0.9068461060523987,Cutting board,0.9262332916259766,Spoon,0.9310877919197083,Spatula,0.9768510460853577
/m/03hlz0c,Kitchen utensil,/m/04ctx,Knife,Spoon,0.8584455847740173,Spatula,0.8760559558868408,Cutting board,0.8918971419334412,Fork,0.8998323678970337,Chopsticks,0.9349184036254883
/m/03hlz0c,Kitchen utensil,/m/04f5ws,Bottle opener,Can opener,0.8294814825057983,Measuring cup,0.9019941687583923,Drinking straw,0.9068461060523987,Cutting board,0.984910786151886,Spatula,0.9888292551040649
/m/03hlz0c,Kitchen utensil,/m/07v9_z,Measuring cup,Drinking straw,0.845524787902832,Cutting board,0.8685671091079712,Pizza cutter,0.9018034338951111,Bottle opener,0.9019941687583923,Spatula,0.9953616857528687
/m/03hlz0c,Kitchen utensil,/m/08ks85,Pizza cutter,Cutting board,0.757813036441803,Measuring cup,0.9018034338951111,Spatula,0.9327589273452759,Knife,0.9696433544158936,Chopsticks,1.006117820739746
/m/03hlz0c,Kitchen utensil,/m/0cmx8,Spoon,Spatula,0.8262137770652771,Knife,0.8584455847740173,Drinking straw,0.9310877919197083,Chopsticks,0.9368446469306946,Cutting board,0.9400783181190491
/m/03hlz0c,Kitchen utensil,/m/0dt3t,Fork,Knife,0.8998323678970337,Cutting board,0.9621551036834717,Spoon,0.9626131653785706,Chopsticks,0.9659495949745178,Spatula,0.9739717245101929
/m/04brg2,Tableware,/m/01_5g,Chopsticks,Spoon,0.9368446469306946,Fork,0.9659495949745178,Mixing bowl,0.9678930044174194,Bottle,0.968617856502533,Kitchen knife,0.9717320799827576
/m/04brg2,Tableware,/m/01fh4r,Teapot,Coffee cup,0.8831840753555298,Plate,0.9434057474136353,Spoon,0.9472475647926331,Bottle,0.9537339806556702,Mixing bowl,0.9788791537284851
/m/04brg2,Tableware,/m/02jvh9,Mug,Jug,0.8939193487167358,Coffee cup,0.9523313641548157,Mixing bowl,0.9590864777565002,Wine glass,0.9870445132255554,Spoon,0.9886413216590881
/m/04brg2,Tableware,/m/02p5f1q,Coffee cup,Kitchen knife,0.8674763441085815,Cocktail shaker,0.8699755668640137,Cake stand,0.8740595579147339,Teapot,0.8831840753555298,Mixing bowl,0.8950803875923157
/m/04brg2,Tableware,/m/02x8cch,Salt and pepper shakers,Cocktail shaker,0.8545311093330383,Mixing bowl,0.892778754234314,Kitchen knife,0.9341321587562561,Serving tray,0.9419476985931396,Spoon,0.9681290984153748
/m/04brg2,Tableware,/m/03hj559,Mixing bowl,Bowl,0.7537398338317871,Serving tray,0.843610942363739,Cocktail shaker,0.8773107528686523,Salt and pepper shakers,0.892778754234314,Coffee cup,0.8950803875923157
/m/04brg2,Tableware,/m/03q5c7,Saucer,Spoon,0.9287018179893494,Cocktail shaker,0.9645995497703552,Salt and pepper shakers,0.9700743556022644,Platter,0.994312047958374,Chopsticks,0.9976242780685425
/m/04brg2,Tableware,/m/0440zs,Cocktail shaker,Salt and pepper shakers,0.8545311093330383,Coffee cup,0.8699755668640137,Wine glass,0.8750206232070923,Mixing bowl,0.8773107528686523,Kitchen knife,0.9182986617088318
/m/04brg2,Tableware,/m/04dr76w,Bottle,Wine glass,0.8391910195350647,Plate,0.8722488284111023,Spoon,0.9120376110076904,Cocktail shaker,0.9436554312705994,Mixing bowl,0.9495841264724731
/m/04brg2,Tableware,/m/04kkgm,Bowl,Mixing bowl,0.7537398338317871,Bottle,0.9601424932479858,Mug,0.9915196895599365,Cocktail shaker,1.0223140716552734,Wine glass,1.024693250656128
/m/04brg2,Tableware,/m/050gv4,Plate,Platter,0.6931433081626892,Bottle,0.8722488284111023,Serving tray,0.8764495849609375,Spoon,0.8799742460250854,Teapot,0.9434057474136353
/m/04brg2,Tableware,/m/054fyh,Pitcher (Container),Mixing bowl,0.9592851996421814,Cocktail shaker,0.9908881187438965,Serving tray,1.017532467842102,Saucer,1.0291056632995605,Platter,1.029982566833496
/m/04brg2,Tableware,/m/058qzx,Kitchen knife,Coffee cup,0.8674763441085815,Mixing bowl,0.9081542491912842,Serving tray,0.9126865863800049,Cocktail shaker,0.9182986617088318,Salt and pepper shakers,0.9341321587562561
/m/04brg2,Tableware,/m/08hvt4,Jug,Mug,0.8939193487167358,Saucer,1.014515995979309,Fork,1.0405693054199219,Plate,1.0507103204727173,Spoon,1.0571767091751099
/m/04brg2,Tableware,/m/099ssp,Platter,Plate,0.6931433081626892,Spoon,0.968691349029541,Saucer,0.994312047958374,Bottle,0.997808039188385,Pitcher (Container),1.029982566833496
/m/04brg2,Tableware,/m/09tvcd,Wine glass,Bottle,0.8391910195350647,Cocktail shaker,0.8750206232070923,Serving tray,0.8891032338142395,Coffee cup,0.9036352038383484,Mixing bowl,0.9222733974456787
/m/04brg2,Tableware,/m/0cmx8,Spoon,Plate,0.8799742460250854,Bottle,0.9120376110076904,Saucer,0.9287018179893494,Chopsticks,0.9368446469306946,Teapot,0.9472475647926331
/m/04brg2,Tableware,/m/0dt3t,Fork,Spoon,0.9626131653785706,Chopsticks,0.9659495949745178,Plate,1.0038528442382812,Bottle,1.0106523036956787,Mixing bowl,1.0177741050720215
/m/04brg2,Tableware,/m/0h8n27j,Serving tray,Mixing bowl,0.843610942363739,Cake stand,0.8631239533424377,Plate,0.8764495849609375,Wine glass,0.8891032338142395,Coffee cup,0.9018976092338562
/m/04brg2,Tableware,/m/0h8n6ft,Cake stand,Serving tray,0.8631239533424377,Coffee cup,0.8740595579147339,Kitchen knife,0.9370733499526978,Mixing bowl,0.9569256901741028,Cocktail shaker,0.959770917892456
/m/0h99cwc,Kitchen appliance,/m/029bxz,Oven,Microwave oven,0.7396904230117798,Refrigerator,0.8439401984214783,Slow cooker,0.8774410486221313,Food processor,0.8840726613998413,Dishwasher,0.8870843648910522
/m/0h99cwc,Kitchen appliance,/m/02pjr4,Blender,Mixer,0.779816210269928,Food processor,0.8837907314300537,Slow cooker,0.8979434967041016,Coffeemaker,0.9018895626068115,Oven,0.9144642949104309
/m/0h99cwc,Kitchen appliance,/m/02tsc9,Slow cooker,Pressure cooker,0.7760931849479675,Food processor,0.7909353375434875,Mixer,0.857187032699585,Oven,0.8774410486221313,Microwave oven,0.8836222887039185
/m/0h99cwc,Kitchen appliance,/m/03y6mg,Food processor,Slow cooker,0.7909353375434875,Pressure cooker,0.8326963782310486,Mixer,0.8418262600898743,Refrigerator,0.8546566367149353,Dishwasher,0.8750856518745422
/m/0h99cwc,Kitchen appliance,/m/040b_t,Refrigerator,Dishwasher,0.8379231095314026,Oven,0.8439401984214783,Food processor,0.8546566367149353,Mixer,0.8752591013908386,Coffeemaker,0.9012713432312012
/m/0h99cwc,Kitchen appliance,/m/04z4wx,Waffle iron,Microwave oven,0.9734365344047546,Food processor,0.9776996374130249,Slow cooker,1.0040985345840454,Oven,1.005296230316162,Pressure cooker,1.0169860124588013
/m/0h99cwc,Kitchen appliance,/m/063rgb,Mixer,Blender,0.779816210269928,Pressure cooker,0.8367384672164917,Food processor,0.8418262600898743,Dishwasher,0.8505153656005859,Slow cooker,0.857187032699585
/m/0h99cwc,Kitchen appliance,/m/07xyvk,Coffeemaker,Mixer,0.8997727036476135,Refrigerator,0.9012713432312012,Blender,0.9018895626068115,Food processor,0.9175942540168762,Oven,0.9575475454330444
/m/0h99cwc,Kitchen appliance,/m/0fx9l,Microwave oven,Oven,0.7396904230117798,Slow cooker,0.8836222887039185,Food processor,0.8923773765563965,Dishwasher,0.9172883033752441,Refrigerator,0.9247127771377563
/m/0h99cwc,Kitchen appliance,/m/0h8ntjv,Pressure cooker,Slow cooker,0.7760931849479675,Food processor,0.8326963782310486,Mixer,0.8367384672164917,Oven,0.9091888666152954,Microwave oven,0.9433038234710693
/m/0h99cwc,Kitchen appliance,/m/0ky7b,Dishwasher,Refrigerator,0.8379231095314026,Mixer,0.8505153656005859,Food processor,0.8750856518745422,Oven,0.8870843648910522,Microwave oven,0.9172883033752441
/m/02crq1,Couch,/m/03m3pdh,Sofa bed,Loveseat,0.9792191982269287,,,,,,,,
/m/02crq1,Couch,/m/0703r8,Loveseat,Sofa bed,0.9792191982269287,,,,,,,,
/m/03ssj5,Bed,/m/061hd_,Infant bed,Studio couch,0.9752230644226074,,,,,,,,
/m/03ssj5,Bed,/m/026qbn5,Studio couch,Infant bed,0.9752230644226074,,,,,,,,
/m/04bcr3,Table,/m/078n6m,Coffee table,Kitchen & dining room table,0.7698298692703247,,,,,,,,
/m/04bcr3,Table,/m/0h8n5zk,Kitchen & dining room table,Coffee table,0.7698298692703247,,,,,,,,
/m/01x3z,Clock,/m/046dlr,Alarm clock,Wall clock,0.6862238645553589,Digital clock,0.7817859649658203,,,,,,
/m/01x3z,Clock,/m/06_72j,Digital clock,Wall clock,0.6786676049232483,Alarm clock,0.7817859649658203,,,,,,
/m/01x3z,Clock,/m/0h8mzrc,Wall clock,Digital clock,0.6786676049232483,Alarm clock,0.6862238645553589,,,,,,
/m/06msq,Sculpture,/m/0152hh,Snowman,Bust,1.09530770778656,Bronze sculpture,1.1230368614196777,,,,,,
/m/06msq,Sculpture,/m/04yqq2,Bust,Bronze sculpture,1.0566837787628174,Snowman,1.09530770778656,,,,,,
/m/06msq,Sculpture,/m/01yx86,Bronze sculpture,Bust,1.0566837787628174,Snowman,1.1230368614196777,,,,,,
/m/0h8nr_l,Bathroom accessory,/m/0162_1,Towel,Toilet paper,0.8289113640785217,Soap dispenser,0.9757084846496582,Facial tissue holder,1.024047613143921,,,,
/m/0h8nr_l,Bathroom accessory,/m/09gtd,Toilet paper,Towel,0.8289113640785217,Soap dispenser,0.8807267546653748,Facial tissue holder,1.0099378824234009,,,,
/m/0h8nr_l,Bathroom accessory,/m/0c3mkw,Soap dispenser,Toilet paper,0.8807267546653748,Towel,0.9757084846496582,Facial tissue holder,1.0023400783538818,,,,
/m/0h8nr_l,Bathroom accessory,/m/0h8nsvg,Facial tissue holder,Soap dispenser,1.0023400783538818,Toilet paper,1.0099378824234009,Towel,1.024047613143921,,,,
/m/01xgg_,Medical equipment,/m/012ysf,Syringe,Stethoscope,0.9522753357887268,Band-aid,0.9817901849746704,Stretcher,1.0356974601745605,,,,
/m/01xgg_,Medical equipment,/m/02lbcq,Stretcher,Stethoscope,0.93317711353302,Syringe,1.0356974601745605,Band-aid,1.0365910530090332,,,,
/m/01xgg_,Medical equipment,/m/073g6,Stethoscope,Stretcher,0.93317711353302,Syringe,0.9522753357887268,Band-aid,0.9733279347419739,,,,
/m/01xgg_,Medical equipment,/m/0j496,Band-aid,Stethoscope,0.9733279347419739,Syringe,0.9817901849746704,Stretcher,1.0365910530090332,,,,
/m/04szw,Musical instrument,/m/013y1f,Organ (Musical Instrument),Violin,0.8618459105491638,Piano,0.8943988680839539,Saxophone,0.9094401001930237,Cello,0.9130977988243103,Musical keyboard,0.9188953042030334
/m/04szw,Musical instrument,/m/018j2,Banjo,Cello,0.8582736849784851,Piano,0.8636540174484253,Saxophone,0.8895441889762878,Violin,0.9148754477500916,Guitar,0.9311267733573914
/m/04szw,Musical instrument,/m/01xqw,Cello,Violin,0.6867161393165588,Piano,0.700532853603363,Saxophone,0.7308184504508972,Guitar,0.7694611549377441,Banjo,0.8582736849784851
/m/04szw,Musical instrument,/m/026t6,Drum,Piano,0.8422104716300964,Guitar,0.8586881756782532,Flute,0.8673621416091919,Trumpet,0.8695732951164246,Violin,0.8939006328582764
/m/04szw,Musical instrument,/m/0319l,French horn,Harp,0.9521692991256714,Violin,0.9707682132720947,Harpsichord,0.9752469062805176,Saxophone,0.9759459495544434,Musical keyboard,0.9805507659912109
/m/04szw,Musical instrument,/m/0342h,Guitar,Piano,0.7270097136497498,Violin,0.7306665182113647,Cello,0.7694611549377441,Saxophone,0.7983837723731995,Musical keyboard,0.8020427227020264
/m/04szw,Musical instrument,/m/03m5k,Harp,Harpsichord,0.7838280200958252,Trumpet,0.9134693741798401,Guitar,0.9422945380210876,Saxophone,0.9452821612358093,Cello,0.9474493861198425
/m/04szw,Musical instrument,/m/03q5t,Harpsichord,Harp,0.7838280200958252,Saxophone,0.8934552669525146,Accordion,0.8939164876937866,Violin,0.9101662635803223,Guitar,0.9141356348991394
/m/04szw,Musical instrument,/m/03qjg,Harmonica,Piano,0.9405120015144348,Violin,0.9427833557128906,Accordion,0.9491645693778992,Harp,0.9512686133384705,Trombone,0.96023029088974
/m/04szw,Musical instrument,/m/057cc,Musical keyboard,Piano,0.7567182183265686,Guitar,0.8020427227020264,Violin,0.8171645402908325,Cello,0.870827853679657,Drum,0.8965119123458862
/m/04szw,Musical instrument,/m/05kms,Oboe,Cello,0.976746678352356,Trombone,0.9904763698577881,Banjo,0.9917044639587402,Piano,1.0001890659332275,Saxophone,1.0018268823623657
/m/04szw,Musical instrument,/m/05r5c,Piano,Violin,0.696674644947052,Cello,0.700532853603363,Guitar,0.7270097136497498,Saxophone,0.7454939484596252,Musical keyboard,0.7567182183265686
/m/04szw,Musical instrument,/m/06ncr,Saxophone,Cello,0.7308184504508972,Violin,0.74170982837677,Piano,0.7454939484596252,Guitar,0.7983837723731995,Trumpet,0.8790671825408936
/m/04szw,Musical instrument,/m/07c6l,Trombone,Saxophone,0.8842802047729492,Cello,0.8855209946632385,Piano,0.8887083530426025,Violin,0.8902189135551453,Flute,0.8935800194740295
/m/04szw,Musical instrument,/m/07gql,Trumpet,Violin,0.8303242325782776,Guitar,0.8565984964370728,Piano,0.8586111664772034,Flute,0.8637391328811646,Drum,0.8695732951164246
/m/04szw,Musical instrument,/m/07y_7,Violin,Cello,0.6867161393165588,Piano,0.696674644947052,Guitar,0.7306665182113647,Saxophone,0.74170982837677,Flute,0.8022761344909668
/m/04szw,Musical instrument,/m/0f8s22,Chime,Flute,0.9813635349273682,Trumpet,1.010842204093933,Oboe,1.015052080154419,Trombone,1.0214487314224243,Cello,1.0227197408676147
/m/04szw,Musical instrument,/m/0l14j_,Flute,Violin,0.8022761344909668,Trumpet,0.8637391328811646,Drum,0.8673621416091919,Cello,0.8747060298919678,Piano,0.8861689567565918
/m/04szw,Musical instrument,/m/0mkg,Accordion,Harpsichord,0.8939164876937866,Violin,0.929398238658905,Piano,0.9398149251937866,Guitar,0.9463009834289551,Cello,0.9468600749969482
/m/04szw,Musical instrument,/m/0xzly,Maraca,Harmonica,1.0047569274902344,Cello,1.089349627494812,Harpsichord,1.096360445022583,Trumpet,1.0966267585754395,Saxophone,1.1022428274154663
/m/018xm,Ball (Object),/m/01226z,Football,Rugby ball,0.820654034614563,Cricket ball,0.8648477792739868,Tennis ball,0.9280309081077576,Volleyball (Ball),0.9582863450050354,,
/m/018xm,Ball (Object),/m/02ctlc,Cricket ball,Rugby ball,0.6507099866867065,Tennis ball,0.6991444826126099,Football,0.8648477792739868,Volleyball (Ball),1.0200176239013672,,
/m/018xm,Ball (Object),/m/02rgn06,Volleyball (Ball),Tennis ball,0.9147491455078125,Football,0.9582863450050354,Rugby ball,0.9641228318214417,Cricket ball,1.0200176239013672,,
/m/018xm,Ball (Object),/m/05ctyq,Tennis ball,Cricket ball,0.6991444826126099,Rugby ball,0.7404959201812744,Volleyball (Ball),0.9147491455078125,Football,0.9280309081077576,,
/m/018xm,Ball (Object),/m/0wdt60w,Rugby ball,Cricket ball,0.6507099866867065,Tennis ball,0.7404959201812744,Football,0.820654034614563,Volleyball (Ball),0.9641228318214417,,
/m/0dv9c,Racket,/m/0h8my_4,Tennis racket,Table tennis racket,0.39624887704849243,,,,,,,,
/m/0dv9c,Racket,/m/05_5p_0,Table tennis racket,Tennis racket,0.39624887704849243,,,,,,,,
/m/0zvk5,Helmet,/m/03p3bw,Bicycle helmet,Football helmet,0.7046563625335693,,,,,,,,
/m/0zvk5,Helmet,/m/07qxg_,Football helmet,Bicycle helmet,0.7046563625335693,,,,,,,,
/m/011q46kg,Container,/m/02jnhm,Tin can,Picnic basket,0.9034646153450012,Waste container,0.9120255708694458,Bottle,0.9772360920906067,Beaker,1.0411944389343262,Barrel,1.0462658405303955
/m/011q46kg,Container,/m/02zn6n,Barrel,Bottle,0.7752396464347839,Waste container,0.9512662291526794,Picnic basket,0.966121256351471,Beaker,0.9760122299194336,Jug,1.0345667600631714
/m/011q46kg,Container,/m/04dr76w,Bottle,Barrel,0.7752396464347839,Beaker,0.9360560774803162,Picnic basket,0.9499055743217468,Waste container,0.9565622210502625,Tin can,0.9772360920906067
/m/011q46kg,Container,/m/07kng9,Picnic basket,Waste container,0.8782928586006165,Tin can,0.9034646153450012,Bottle,0.9499055743217468,Barrel,0.966121256351471,Beaker,1.0401074886322021
/m/011q46kg,Container,/m/08hvt4,Jug,Barrel,1.0345667600631714,Waste container,1.047979712486267,Beaker,1.0638471841812134,Tin can,1.07737135887146,Flowerpot,1.0887571573257446
/m/011q46kg,Container,/m/0bjyj5,Waste container,Picnic basket,0.8782928586006165,Tin can,0.9120255708694458,Barrel,0.9512662291526794,Bottle,0.9565622210502625,Beaker,1.0122289657592773
/m/011q46kg,Container,/m/0d20w4,Beaker,Bottle,0.9360560774803162,Barrel,0.9760122299194336,Waste container,1.0122289657592773,Picnic basket,1.0401074886322021,Tin can,1.0411944389343262
/m/011q46kg,Container,/m/0fm3zh,Flowerpot,Bottle,0.9834313988685608,Barrel,1.0519943237304688,Picnic basket,1.0565545558929443,Beaker,1.0586483478546143,Tin can,1.0690642595291138
/m/03hlz0c,Kitchen utensil,/m/01_5g,Chopsticks,Whisk,0.9061822295188904,Cutting board,0.9157123565673828,Knife,0.9349184036254883,Spoon,0.9368446469306946,Spatula,0.9651181697845459
/m/03hlz0c,Kitchen utensil,/m/027rl48,Ladle,Fork,1.0484986305236816,Knife,1.052079677581787,Spatula,1.0618783235549927,Whisk,1.081932544708252,Bottle opener,1.0855594873428345
/m/03hlz0c,Kitchen utensil,/m/02d1br,Spatula,Spoon,0.8262137770652771,Knife,0.8760559558868408,Cutting board,0.9024819731712341,Pizza cutter,0.9327589273452759,Chopsticks,0.9651181697845459
/m/03hlz0c,Kitchen utensil,/m/02mqfb,Can opener,Bottle opener,0.8294814825057983,Pizza cutter,1.0741057395935059,Measuring cup,1.0830920934677124,Cutting board,1.0866807699203491,Drinking straw,1.1014055013656616
/m/03hlz0c,Kitchen utensil,/m/02pdsw,Cutting board,Pizza cutter,0.757813036441803,Measuring cup,0.8685671091079712,Knife,0.8918971419334412,Spatula,0.9024819731712341,Chopsticks,0.9157123565673828
/m/03hlz0c,Kitchen utensil,/m/02vwcm,Whisk,Chopsticks,0.9061822295188904,Fork,0.9778185486793518,Spoon,0.9810009002685547,Knife,0.9816609621047974,Drinking straw,0.9948472380638123
/m/03hlz0c,Kitchen utensil,/m/03v5tg,Drinking straw,Measuring cup,0.845524787902832,Bottle opener,0.9068461060523987,Cutting board,0.9262332916259766,Spoon,0.9310877919197083,Spatula,0.9768510460853577
/m/03hlz0c,Kitchen utensil,/m/04ctx,Knife,Spoon,0.8584455847740173,Spatula,0.8760559558868408,Cutting board,0.8918971419334412,Fork,0.8998323678970337,Chopsticks,0.9349184036254883
/m/03hlz0c,Kitchen utensil,/m/04f5ws,Bottle opener,Can opener,0.8294814825057983,Measuring cup,0.9019941687583923,Drinking straw,0.9068461060523987,Cutting board,0.984910786151886,Spatula,0.9888292551040649
/m/03hlz0c,Kitchen utensil,/m/07v9_z,Measuring cup,Drinking straw,0.845524787902832,Cutting board,0.8685671091079712,Pizza cutter,0.9018034338951111,Bottle opener,0.9019941687583923,Spatula,0.9953616857528687
/m/03hlz0c,Kitchen utensil,/m/08ks85,Pizza cutter,Cutting board,0.757813036441803,Measuring cup,0.9018034338951111,Spatula,0.9327589273452759,Knife,0.9696433544158936,Chopsticks,1.006117820739746
/m/03hlz0c,Kitchen utensil,/m/0cmx8,Spoon,Spatula,0.8262137770652771,Knife,0.8584455847740173,Drinking straw,0.9310877919197083,Chopsticks,0.9368446469306946,Cutting board,0.9400783181190491
/m/03hlz0c,Kitchen utensil,/m/0dt3t,Fork,Knife,0.8998323678970337,Cutting board,0.9621551036834717,Spoon,0.9626131653785706,Chopsticks,0.9659495949745178,Spatula,0.9739717245101929
/m/083kb,Weapon,/m/01g3x7,Bow and arrow,Sword,0.9045408964157104,Knife,0.9138643145561218,Rifle,0.9213533997535706,Handgun,0.938469409942627,Dagger,0.9445143342018127
/m/083kb,Weapon,/m/020kz,Cannon,Handgun,0.9246538281440735,Rifle,0.947809636592865,Shotgun,0.952064037322998,Knife,0.954678475856781,Missile,0.9627653360366821
/m/083kb,Weapon,/m/02gzp,Dagger,Handgun,0.8158044815063477,Shotgun,0.8588367700576782,Sword,0.8725261688232422,Knife,0.8851856589317322,Rifle,0.9134764671325684
/m/083kb,Weapon,/m/04ctx,Knife,Rifle,0.7598949670791626,Sword,0.790099024772644,Handgun,0.8689622282981873,Dagger,0.8851856589317322,Shotgun,0.8913834095001221
/m/083kb,Weapon,/m/06c54,Rifle,Missile,0.6973028182983398,Shotgun,0.7041164040565491,Handgun,0.737960696220398,Knife,0.7598949670791626,Sword,0.818202793598175
/m/083kb,Weapon,/m/06nrc,Shotgun,Handgun,0.5977842211723328,Rifle,0.7041164040565491,Missile,0.8065617680549622,Sword,0.8492019772529602,Dagger,0.8588367700576782
/m/083kb,Weapon,/m/07cmd,Tank,Rifle,0.9041008949279785,Handgun,0.905778706073761,Missile,0.9127280712127686,Bomb,0.9145344495773315,Shotgun,0.9257614612579346
/m/083kb,Weapon,/m/0c2jj,Axe,Rifle,0.8846992254257202,Knife,0.9019494652748108,Missile,0.9223097562789917,Sword,0.939860463142395,Shotgun,0.9598462581634521
/m/083kb,Weapon,/m/0gxl3,Handgun,Shotgun,0.5977842211723328,Rifle,0.737960696220398,Dagger,0.8158044815063477,Sword,0.8540247678756714,Missile,0.8687891960144043
/m/083kb,Weapon,/m/06y5r,Sword,Knife,0.790099024772644,Rifle,0.818202793598175,Shotgun,0.8492019772529602,Handgun,0.8540247678756714,Dagger,0.8725261688232422
/m/083kb,Weapon,/m/04ylt,Missile,Rifle,0.6973028182983398,Shotgun,0.8065617680549622,Bomb,0.8545523285865784,Handgun,0.8687891960144043,Sword,0.9051041603088379
/m/083kb,Weapon,/m/0ct4f,Bomb,Missile,0.8545523285865784,Tank,0.9145344495773315,Shotgun,0.9507284760475159,Rifle,0.9572166204452515,Cannon,0.970038652420044
/m/07cx4,Telephone,/m/050k8,Mobile phone,Corded phone,0.6830264925956726,,,,,,,,
/m/07cx4,Telephone,/m/0h8lkj8,Corded phone,Mobile phone,0.6830264925956726,,,,,,,,
/m/02p0tk3,Human body,/m/014sv8,Human eye,Human face,0.5270451307296753,Human head,0.6124863028526306,Human ear,0.6391881704330444,Human hand,0.6421881318092346,Human mouth,0.6526638269424438
/m/02p0tk3,Human body,/m/016m2d,Skull,Human head,0.9220072031021118,Beard,0.9372112154960632,Human face,0.9372498989105225,Human hair,0.9373518228530884,Human hand,0.9520666599273682
/m/02p0tk3,Human body,/m/04hgtk,Human head,Human face,0.5424240827560425,Human eye,0.6124863028526306,Human hair,0.6138820052146912,Human hand,0.6321141719818115,Human ear,0.6659349203109741
/m/02p0tk3,Human body,/m/0dzct,Human face,Human eye,0.5270451307296753,Human head,0.5424240827560425,Human hand,0.5883423089981079,Human hair,0.6484072804450989,Human mouth,0.66385418176651
/m/02p0tk3,Human body,/m/0283dt1,Human mouth,Human nose,0.6194120049476624,Human ear,0.6520357131958008,Human eye,0.6526638269424438,Human face,0.66385418176651,Human hand,0.6749875545501709
/m/02p0tk3,Human body,/m/039xj_,Human ear,Human eye,0.6391881704330444,Human nose,0.6496062278747559,Human mouth,0.6520357131958008,Human head,0.6659349203109741,Human hand,0.7118535041809082
/m/02p0tk3,Human body,/m/0k0pj,Human nose,Human mouth,0.6194120049476624,Human ear,0.6496062278747559,Human eye,0.6615332365036011,Human face,0.6831623911857605,Human head,0.7023797035217285
/m/02p0tk3,Human body,/m/03q69,Human hair,Human head,0.6138820052146912,Human face,0.6484072804450989,Human eye,0.6901329159736633,Human hand,0.7047072052955627,Human ear,0.7266197800636292
/m/02p0tk3,Human body,/m/0k65p,Human hand,Human arm,0.5358456969261169,Human face,0.5883423089981079,Human foot,0.5982832908630371,Human head,0.6321141719818115,Human leg,0.6396247148513794
/m/02p0tk3,Human body,/m/031n1,Human foot,Human leg,0.45031243562698364,Human hand,0.5982832908630371,Human eye,0.6648454070091248,Human face,0.6778101921081543,Human head,0.7065484523773193
/m/02p0tk3,Human body,/m/0dzf4,Human arm,Human hand,0.5358456969261169,Human leg,0.6775212287902832,Human eye,0.7228387594223022,Human face,0.733587920665741,Human head,0.7367888689041138
/m/02p0tk3,Human body,/m/035r7c,Human leg,Human foot,0.45031243562698364,Human hand,0.6396247148513794,Human arm,0.6775212287902832,Human eye,0.6862690448760986,Human head,0.6866392493247986
/m/02p0tk3,Human body,/m/015h_t,Beard,Human hair,0.8378368616104126,Human head,0.9218815565109253,Skull,0.9372112154960632,Human face,0.9518377184867859,Human eye,0.9561470746994019
/m/01_bhs,Fast food,/m/01b9xk,Hot dog,French fries,0.9576923251152039,,,,,,,,
/m/01_bhs,Fast food,/m/02y6n,French fries,Hot dog,0.9576923251152039,,,,,,,,
/m/01ww8y,Snack,/m/01f91_,Pretzel,Popcorn,0.9599709510803223,Cookie,1.0229381322860718,,,,,,
/m/01ww8y,Snack,/m/01hrv5,Popcorn,Cookie,0.8941897749900818,Pretzel,0.9599709510803223,,,,,,
/m/01ww8y,Snack,/m/021mn,Cookie,Popcorn,0.8941897749900818,Pretzel,1.0229381322860718,,,,,,
/m/0270h,Dessert,/m/01tcjp,Muffin,Cookie,0.940525472164154,Cake,0.9539312124252319,Candy,1.0313010215759277,Ice cream,1.0680485963821411,,
/m/0270h,Dessert,/m/021mn,Cookie,Cake,0.736108660697937,Candy,0.8793020248413086,Ice cream,0.9314677119255066,Muffin,0.940525472164154,,
/m/0270h,Dessert,/m/0cxn2,Ice cream,Cookie,0.9314677119255066,Cake,0.9388855695724487,Candy,0.9808225035667419,Muffin,1.0680485963821411,,
/m/0270h,Dessert,/m/0fszt,Cake,Cookie,0.736108660697937,Candy,0.8887050747871399,Ice cream,0.9388855695724487,Muffin,0.9539312124252319,,
/m/0270h,Dessert,/m/0gm28,Candy,Cookie,0.8793020248413086,Cake,0.8887050747871399,Ice cream,0.9808225035667419,Muffin,1.0313010215759277,,
/m/02xwb,Fruit,/m/014j1m,Apple,Pineapple,0.8064088821411133,Banana,0.924133837223053,Mango,0.9365677833557129,Pomegranate,0.9484260082244873,Watermelon,0.9552807211875916
/m/02xwb,Fruit,/m/0388q,Grape,Grapefruit,0.6229658722877502,Pear,0.8289462924003601,Pineapple,0.8438066244125366,Peach,0.8669824600219727,Pomegranate,0.8807592391967773
/m/02xwb,Fruit,/m/043nyj,Common fig,Lemon (plant),1.0050365924835205,Orange (fruit),1.039119839668274,Grapefruit,1.0514049530029297,Mango,1.054160714149475,Grape,1.0629324913024902
/m/02xwb,Fruit,/m/061_f,Pear,Peach,0.7473409175872803,Grape,0.8289462924003601,Grapefruit,0.8707911968231201,Pineapple,0.8741012215614319,Pomegranate,0.9414304494857788
/m/02xwb,Fruit,/m/07fbm7,Strawberry,Grapefruit,0.8598922491073608,Grape,0.9617401361465454,Banana,0.9617455005645752,Pomegranate,0.9751097559928894,Tomato,0.9790472388267517
/m/02xwb,Fruit,/m/07j87,Tomato,Pomegranate,0.8889287114143372,Mango,0.8977673649787903,Grapefruit,0.8980458974838257,Watermelon,0.9230465292930603,Banana,0.924512505531311
/m/02xwb,Fruit,/m/09k_b,Lemon (plant),Orange (fruit),0.7837970852851868,Tomato,0.9563486576080322,Watermelon,0.9692838788032532,Pomegranate,0.9862710237503052,Mango,0.9963207244873047
/m/02xwb,Fruit,/m/09qck,Banana,Pineapple,0.8979142904281616,Watermelon,0.8982247710227966,Grapefruit,0.9045243859291077,Mango,0.9079301953315735,Apple,0.924133837223053
/m/02xwb,Fruit,/m/0cyhj_,Orange (fruit),Lemon (plant),0.7837970852851868,Grapefruit,0.8888041377067566,Pineapple,0.9615499377250671,Mango,0.9636113047599792,Strawberry,0.9830695390701294
/m/02xwb,Fruit,/m/0dj6p,Peach,Pear,0.7473409175872803,Grapefruit,0.8388333320617676,Pineapple,0.8514363169670105,Grape,0.8669824600219727,Pomegranate,0.9235078692436218
/m/02xwb,Fruit,/m/0fldg,Mango,Tomato,0.8977673649787903,Banana,0.9079301953315735,Watermelon,0.9286011457443237,Apple,0.9365677833557129,Pineapple,0.9567365050315857
/m/02xwb,Fruit,/m/0fp6w,Pineapple,Grapefruit,0.779006838798523,Apple,0.8064088821411133,Grape,0.8438066244125366,Peach,0.8514363169670105,Watermelon,0.8568906784057617
/m/02xwb,Fruit,/m/0hqkz,Grapefruit,Grape,0.6229658722877502,Pineapple,0.779006838798523,Pomegranate,0.8188650608062744,Peach,0.8388333320617676,Strawberry,0.8598922491073608
/m/02xwb,Fruit,/m/0jwn_,Pomegranate,Watermelon,0.7647229433059692,Grapefruit,0.8188650608062744,Pineapple,0.8656757473945618,Grape,0.8807592391967773,Tomato,0.8889287114143372
/m/02xwb,Fruit,/m/0kpqd,Watermelon,Pomegranate,0.7647229433059692,Pineapple,0.8568906784057617,Grapefruit,0.8831505179405212,Banana,0.8982247710227966,Tomato,0.9230465292930603
/m/02xwb,Fruit,/m/0kpt_,Cantaloupe,Pineapple,1.074887990951538,Watermelon,1.0845942497253418,Banana,1.1105494499206543,Grape,1.1134754419326782,Pomegranate,1.125423550605774
/m/0hnyx,Pastry,/m/0jy4k,Doughnut,Tart,0.9394057393074036,Croissant,0.9759343862533569,,,,,,
/m/0hnyx,Pastry,/m/015wgc,Croissant,Doughnut,0.9759343862533569,Tart,0.988452672958374,,,,,,
/m/0hnyx,Pastry,/m/02zvsm,Tart,Doughnut,0.9394057393074036,Croissant,0.988452672958374,,,,,,
/m/0fbdv,Shellfish,/m/0_cp5,Oyster,Lobster,0.750563383102417,Shrimp,0.9074531197547913,Crab,0.9734882116317749,,,,
/m/0fbdv,Shellfish,/m/0cjq5,Lobster,Oyster,0.750563383102417,Shrimp,0.8632102608680725,Crab,0.8746285438537598,,,,
/m/0fbdv,Shellfish,/m/0ll1f78,Shrimp,Crab,0.8137568235397339,Lobster,0.8632102608680725,Oyster,0.9074531197547913,,,,
/m/0fbdv,Shellfish,/m/0n28_,Crab,Shrimp,0.8137568235397339,Lobster,0.8746285438537598,Oyster,0.9734882116317749,,,,
/m/0dv77,Squash (Plant),/m/05zsy,Pumpkin,Zucchini,0.954291582107544,,,,,,,,
/m/0dv77,Squash (Plant),/m/027pcv,Zucchini,Pumpkin,0.954291582107544,,,,,,,,
/m/0l515,Sandwich,/m/0cdn1,Hamburger,Submarine sandwich,0.9709022641181946,,,,,,,,
/m/0l515,Sandwich,/m/06pcq,Submarine sandwich,Hamburger,0.9709022641181946,,,,,,,,
/m/0284d,Dairy Product,/m/01nkt,Cheese,Milk,0.915476381778717,,,,,,,,
/m/0284d,Dairy Product,/m/04zpv,Milk,Cheese,0.915476381778717,,,,,,,,
/m/07j7r,Tree,/m/025nd,Christmas tree,Palm tree,0.6787437796592712,Maple,0.9971163272857666,Willow,1.083982229232788,,,,
/m/07j7r,Tree,/m/0cdl1,Palm tree,Christmas tree,0.6787437796592712,Maple,0.9631979465484619,Willow,1.0556877851486206,,,,
/m/07j7r,Tree,/m/0cffdh,Maple,Palm tree,0.9631979465484619,Christmas tree,0.9971163272857666,Willow,1.1088696718215942,,,,
/m/07j7r,Tree,/m/0mw_6,Willow,Palm tree,1.0556877851486206,Christmas tree,1.083982229232788,Maple,1.1088696718215942,,,,
/m/0c9ph5,Flower,/m/04gth,Lavender (Plant),Common sunflower,1.017061710357666,Lily,1.0237603187561035,Rose,1.0716842412948608,,,,
/m/0c9ph5,Flower,/m/06m11,Rose,Lily,0.9246041774749756,Lavender (Plant),1.0716842412948608,Common sunflower,1.1023614406585693,,,,
/m/0c9ph5,Flower,/m/0ftb8,Common sunflower,Lavender (Plant),1.017061710357666,Lily,1.0714879035949707,Rose,1.1023614406585693,,,,
/m/0c9ph5,Flower,/m/0jqgx,Lily,Rose,0.9246041774749756,Lavender (Plant),1.0237603187561035,Common sunflower,1.0714879035949707,,,,
/m/0k4j,Car,/m/01lcw4,Limousine,Van,0.9464319944381714,,,,,,,,
/m/0k4j,Car,/m/0h2r6,Van,Limousine,0.9464319944381714,,,,,,,,
/m/08dz3q,Auto part,/m/01jfm_,Vehicle registration plate,Seat belt,0.9083308577537537,Wheel,0.9830299019813538,Tire,1.0317130088806152,,,,
/m/08dz3q,Auto part,/m/083wq,Wheel,Tire,0.8662517666816711,Seat belt,0.8905053734779358,Vehicle registration plate,0.9830299019813538,,,,
/m/08dz3q,Auto part,/m/0dkzw,Seat belt,Wheel,0.8905053734779358,Vehicle registration plate,0.9083308577537537,Tire,0.9139142036437988,,,,
/m/08dz3q,Auto part,/m/0h9mv,Tire,Wheel,0.8662517666816711,Seat belt,0.9139142036437988,Vehicle registration plate,1.0317130088806152,,,,
/m/019jd,Boat,/m/01btn,Barge,Canoe,1.0074782371520996,Gondola,1.0678341388702393,,,,,,
/m/019jd,Boat,/m/02068x,Gondola,Canoe,0.9501244425773621,Barge,1.0678341388702393,,,,,,
/m/019jd,Boat,/m/0ph39,Canoe,Gondola,0.9501244425773621,Barge,1.0074782371520996,,,,,,
/m/0k5j,Aircraft,/m/09ct_,Helicopter,Fixed-wing aircraft,0.9103192687034607,Rocket,0.9105889797210693,,,,,,
/m/0k5j,Aircraft,/m/0cmf2,Fixed-wing aircraft,Helicopter,0.9103192687034607,Rocket,1.052302360534668,,,,,,
/m/0k5j,Aircraft,/m/09rvcxw,Rocket,Helicopter,0.9105889797210693,Fixed-wing aircraft,1.052302360534668,,,,,,
/m/02dl1y,Hat,/m/025rp__,Cowboy hat,Sun hat,0.7613447904586792,Sombrero,0.9860753417015076,Fedora,1.147087574005127,,,,
/m/02dl1y,Hat,/m/02fq_6,Fedora,Sombrero,1.055745005607605,Sun hat,1.120598554611206,Cowboy hat,1.147087574005127,,,,
/m/02dl1y,Hat,/m/02jfl0,Sombrero,Sun hat,0.9064479470252991,Cowboy hat,0.9860753417015076,Fedora,1.055745005607605,,,,
/m/02dl1y,Hat,/m/02wbtzl,Sun hat,Cowboy hat,0.7613447904586792,Sombrero,0.9064479470252991,Fedora,1.120598554611206,,,,
/m/02dl1y,Hat,/m/025rp__,Cowboy hat,Sun hat,0.7613447904586792,Sombrero,0.9860753417015076,Fedora,1.147087574005127,,,,
/m/02dl1y,Hat,/m/02fq_6,Fedora,Sombrero,1.055745005607605,Sun hat,1.120598554611206,Cowboy hat,1.147087574005127,,,,
/m/02dl1y,Hat,/m/02jfl0,Sombrero,Sun hat,0.9064479470252991,Cowboy hat,0.9860753417015076,Fedora,1.055745005607605,,,,
/m/02dl1y,Hat,/m/02wbtzl,Sun hat,Cowboy hat,0.7613447904586792,Sombrero,0.9064479470252991,Fedora,1.120598554611206,,,,
/m/09j5n,Footwear,/m/02p3w7d,Roller skates,High heels,0.8867220282554626,Boot,1.0470070838928223,Sandal,1.0747286081314087,,,,
/m/09j5n,Footwear,/m/01b638,Boot,High heels,1.002097249031067,Roller skates,1.0470070838928223,Sandal,1.072950005531311,,,,
/m/09j5n,Footwear,/m/06k2mb,High heels,Roller skates,0.8867220282554626,Sandal,0.904661238193512,Boot,1.002097249031067,,,,
/m/09j5n,Footwear,/m/03nfch,Sandal,High heels,0.904661238193512,Boot,1.072950005531311,Roller skates,1.0747286081314087,,,,
/m/0hf58v5,Luggage and bags,/m/01940j,Backpack,Handbag,0.7748051881790161,Suitcase,0.845457136631012,Briefcase,0.8863841891288757,,,,
/m/0hf58v5,Luggage and bags,/m/01s55n,Suitcase,Briefcase,0.7415334582328796,Backpack,0.845457136631012,Handbag,0.9025783538818359,,,,
/m/0hf58v5,Luggage and bags,/m/0584n8,Briefcase,Suitcase,0.7415334582328796,Backpack,0.8863841891288757,Handbag,0.9523122906684875,,,,
/m/0hf58v5,Luggage and bags,/m/080hkjn,Handbag,Backpack,0.7748051881790161,Suitcase,0.9025783538818359,Briefcase,0.9523122906684875,,,,
/m/0zvk5,Helmet,/m/03p3bw,Bicycle helmet,Football helmet,0.7046563625335693,,,,,,,,
/m/0zvk5,Helmet,/m/07qxg_,Football helmet,Bicycle helmet,0.7046563625335693,,,,,,,,
/m/015p6,Bird,/m/012074,Magpie,Sparrow,0.9916524291038513,Woodpecker,1.0077102184295654,Eagle,1.0251531600952148,Owl,1.0314120054244995,Parrot,1.0381762981414795
/m/015p6,Bird,/m/01dy8n,Woodpecker,Duck,0.9912276268005371,Chicken,0.9917389750480652,Penguin,0.994470477104187,Magpie,1.0077102184295654,Parrot,1.0473216772079468
/m/015p6,Bird,/m/01f8m5,Blue jay,Eagle,1.0504094362258911,Duck,1.0540179014205933,Parrot,1.077842116355896,Owl,1.0828380584716797,Swan,1.091831922531128
/m/015p6,Bird,/m/05n4y,Ostrich,Owl,1.0565464496612549,Turkey,1.0825796127319336,Canary,1.1032572984695435,Parrot,1.114803671836853,Chicken,1.1252570152282715
/m/015p6,Bird,/m/05z6w,Penguin,Chicken,0.9605000019073486,Raven,0.9719722270965576,Owl,0.9901824593544006,Duck,0.9926643967628479,Woodpecker,0.994470477104187
/m/015p6,Bird,/m/06j2d,Raven,Falcon,0.9567427635192871,Sparrow,0.9622431397438049,Penguin,0.9719722270965576,Swan,0.9777659773826599,Eagle,0.9787157773971558
/m/015p6,Bird,/m/09b5t,Chicken,Parrot,0.9140585064888,Owl,0.9163641929626465,Turkey,0.9165953397750854,Eagle,0.932528555393219,Canary,0.952900767326355
/m/015p6,Bird,/m/09csl,Eagle,Owl,0.9046222567558289,Chicken,0.932528555393219,Falcon,0.9455077648162842,Sparrow,0.958659827709198,Parrot,0.972564697265625
/m/015p6,Bird,/m/09d5_,Owl,Eagle,0.9046222567558289,Parrot,0.9138455986976624,Chicken,0.9163641929626465,Swan,0.9815609455108643,Penguin,0.9901824593544006
/m/015p6,Bird,/m/09ddx,Duck,Parrot,0.9659872055053711,Chicken,0.9698285460472107,Goose,0.9905811548233032,Woodpecker,0.9912276268005371,Penguin,0.9926643967628479
/m/015p6,Bird,/m/0ccs93,Canary,Chicken,0.952900767326355,Penguin,0.9959481358528137,Swan,1.0078617334365845,Turkey,1.0211206674575806,Falcon,1.046627163887024
/m/015p6,Bird,/m/0dbvp,Goose,Parrot,0.9898746609687805,Duck,0.9905811548233032,Eagle,1.0189778804779053,Owl,1.0248081684112549,Magpie,1.0398589372634888
/m/015p6,Bird,/m/0dftk,Swan,Sparrow,0.949745774269104,Raven,0.9777659773826599,Chicken,0.980858564376831,Owl,0.9815609455108643,Eagle,1.003822684288025
/m/015p6,Bird,/m/0f6wt,Falcon,Eagle,0.9455077648162842,Raven,0.9567427635192871,Chicken,0.986380398273468,Sparrow,0.9887285232543945,Parrot,0.9951518177986145
/m/015p6,Bird,/m/0gv1x,Parrot,Sparrow,0.7894785404205322,Owl,0.9138455986976624,Chicken,0.9140585064888,Duck,0.9659872055053711,Eagle,0.972564697265625
/m/015p6,Bird,/m/0h23m,Sparrow,Parrot,0.7894785404205322,Swan,0.949745774269104,Eagle,0.958659827709198,Chicken,0.9613494277000427,Raven,0.9622431397438049
/m/015p6,Bird,/m/0jly1,Turkey,Chicken,0.9165953397750854,Canary,1.0211206674575806,Duck,1.0279425382614136,Owl,1.0350301265716553,Parrot,1.0675967931747437
/m/03hl4l9,Marine invertebrates,/m/01h8tj,Starfish,Jellyfish,0.7349428534507751,Shrimp,0.9065103530883789,Lobster,0.9389673471450806,Squid,0.9454372525215149,Crab,1.0009121894836426
/m/03hl4l9,Marine invertebrates,/m/035vxb,Isopod,Squid,0.9561404585838318,Crab,1.038341760635376,Shrimp,1.0609071254730225,Lobster,1.0756319761276245,Starfish,1.1087511777877808
/m/03hl4l9,Marine invertebrates,/m/09gys,Squid,Shrimp,0.8421854972839355,Crab,0.8708441853523254,Lobster,0.9441357851028442,Starfish,0.9454372525215149,Isopod,0.9561404585838318
/m/03hl4l9,Marine invertebrates,/m/0cjq5,Lobster,Shrimp,0.8632102608680725,Crab,0.8746285438537598,Starfish,0.9389673471450806,Squid,0.9441357851028442,Jellyfish,1.0065633058547974
/m/03hl4l9,Marine invertebrates,/m/0d8zb,Jellyfish,Starfish,0.7349428534507751,Shrimp,0.9401596784591675,Squid,0.9739636182785034,Lobster,1.0065633058547974,Crab,1.0437372922897339
/m/03hl4l9,Marine invertebrates,/m/0ll1f78,Shrimp,Crab,0.8137568235397339,Squid,0.8421854972839355,Lobster,0.8632102608680725,Starfish,0.9065103530883789,Jellyfish,0.9401596784591675
/m/03hl4l9,Marine invertebrates,/m/0n28_,Crab,Shrimp,0.8137568235397339,Squid,0.8708441853523254,Lobster,0.8746285438537598,Starfish,1.0009121894836426,Isopod,1.038341760635376
/m/0d_2m,Moths and butterflies,/m/0cydv,Caterpillar,Butterfly,0.9736172556877136,,,,,,,,
/m/0d_2m,Moths and butterflies,/m/0cyf8,Butterfly,Caterpillar,0.9736172556877136,,,,,,,,
/m/01dws,Bear,/m/01dxs,Brown bear,Polar bear,0.7195279598236084,Teddy bear,0.8004318475723267,Panda,0.9908208847045898,,,,
/m/01dws,Bear,/m/03bj1,Panda,Teddy bear,0.9770629405975342,Brown bear,0.9908208847045898,Polar bear,1.001891016960144,,,,
/m/01dws,Bear,/m/0633h,Polar bear,Brown bear,0.7195279598236084,Teddy bear,0.8008599281311035,Panda,1.001891016960144,,,,
/m/01dws,Bear,/m/0kmg4,Teddy bear,Brown bear,0.8004318475723267,Polar bear,0.8008599281311035,Panda,0.9770629405975342,,,,
/m/0gd2v,Marine mammal,/m/02hj4,Dolphin,Whale,0.9246901273727417,Sea lion,0.9795035123825073,Harbor seal,1.092934489250183,,,,
/m/0gd2v,Marine mammal,/m/084zz,Whale,Dolphin,0.9246901273727417,Sea lion,0.9469041228294373,Harbor seal,0.9948882460594177,,,,
/m/0gd2v,Marine mammal,/m/0gd36,Sea lion,Harbor seal,0.8903208374977112,Whale,0.9469041228294373,Dolphin,0.9795035123825073,,,,
/m/0gd2v,Marine mammal,/m/02l8p9,Harbor seal,Sea lion,0.8903208374977112,Whale,0.9948882460594177,Dolphin,1.092934489250183,,,,
/m/09dzg,Turtle,/m/011k07,Tortoise,Sea turtle,0.9758700728416443,,,,,,,,
/m/09dzg,Turtle,/m/0120dh,Sea turtle,Tortoise,0.9758700728416443,,,,,,,,
/m/0ch_cf,Fish,/m/03fj2,Goldfish,Shark,0.993364691734314,Seahorse,1.0653204917907715,Rays and skates,1.1329532861709595,,,,
/m/0ch_cf,Fish,/m/0by6g,Shark,Seahorse,0.9570398330688477,Goldfish,0.993364691734314,Rays and skates,1.0624186992645264,,,,
/m/0ch_cf,Fish,/m/0m53l,Rays and skates,Shark,1.0624186992645264,Seahorse,1.1084911823272705,Goldfish,1.1329532861709595,,,,
/m/0ch_cf,Fish,/m/0nybt,Seahorse,Shark,0.9570398330688477,Goldfish,1.0653204917907715,Rays and skates,1.1084911823272705,,,,
/m/0fbdv,Shellfish,/m/0_cp5,Oyster,Lobster,0.750563383102417,Shrimp,0.9074531197547913,Crab,0.9734882116317749,,,,
/m/0fbdv,Shellfish,/m/0cjq5,Lobster,Oyster,0.750563383102417,Shrimp,0.8632102608680725,Crab,0.8746285438537598,,,,
/m/0fbdv,Shellfish,/m/0ll1f78,Shrimp,Crab,0.8137568235397339,Lobster,0.8632102608680725,Oyster,0.9074531197547913,,,,
/m/0fbdv,Shellfish,/m/0n28_,Crab,Shrimp,0.8137568235397339,Lobster,0.8746285438537598,Oyster,0.9734882116317749,,,,
/m/014trl,Cosmetics,/m/02xb7qb,Face powder,Hair spray,0.9248976111412048,Lipstick,1.0029246807098389,Perfume,1.0187159776687622,,,,
/m/014trl,Cosmetics,/m/05w9t9,Hair spray,Face powder,0.9248976111412048,Lipstick,0.9640860557556152,Perfume,0.999234139919281,,,,
/m/014trl,Cosmetics,/m/06c7f7,Lipstick,Perfume,0.8831347823143005,Hair spray,0.9640860557556152,Face powder,1.0029246807098389,,,,
/m/014trl,Cosmetics,/m/0p833,Perfume,Lipstick,0.8831347823143005,Hair spray,0.999234139919281,Face powder,1.0187159776687622,,,,
/m/02w3_ws,Personal care,/m/012xff,Toothbrush,Goggles,0.9254021048545837,Sunglasses,0.9269047975540161,Wheelchair,0.9345800280570984,Glasses,0.9489545226097107,Crutch,0.992715060710907
/m/02w3_ws,Personal care,/m/017ftj,Sunglasses,Glasses,0.5290129780769348,Goggles,0.5604920387268066,Wheelchair,0.9100032448768616,Toothbrush,0.9269047975540161,Diaper,0.9729543924331665
/m/02w3_ws,Personal care,/m/02_n6y,Goggles,Sunglasses,0.5604920387268066,Glasses,0.612140953540802,Toothbrush,0.9254021048545837,Wheelchair,0.948083221912384,Cream,1.0327942371368408
/m/02w3_ws,Personal care,/m/05441v,Crutch,Toothbrush,0.992715060710907,Wheelchair,1.009108304977417,Goggles,1.0358909368515015,Glasses,1.0386399030685425,Sunglasses,1.0481133460998535
/m/02w3_ws,Personal care,/m/08p92x,Cream,Glasses,0.9680439233779907,Sunglasses,1.020157814025879,Diaper,1.0262213945388794,Goggles,1.0327942371368408,Toothbrush,1.0331047773361206
/m/02w3_ws,Personal care,/m/0f571,Diaper,Glasses,0.9724410176277161,Sunglasses,0.9729543924331665,Wheelchair,0.9732877016067505,Toothbrush,0.9990741610527039,Cream,1.0262213945388794
/m/02w3_ws,Personal care,/m/0jyfg,Glasses,Sunglasses,0.5290129780769348,Goggles,0.612140953540802,Wheelchair,0.9323894381523132,Toothbrush,0.9489545226097107,Cream,0.9680439233779907
/m/02w3_ws,Personal care,/m/0qmmr,Wheelchair,Sunglasses,0.9100032448768616,Glasses,0.9323894381523132,Toothbrush,0.9345800280570984,Goggles,0.948083221912384,Diaper,0.9732877016067505
/m/01xgg_,Medical equipment,/m/012ysf,Syringe,Stethoscope,0.9522753357887268,Band-aid,0.9817901849746704,Stretcher,1.0356974601745605,,,,
/m/01xgg_,Medical equipment,/m/02lbcq,Stretcher,Stethoscope,0.93317711353302,Syringe,1.0356974601745605,Band-aid,1.0365910530090332,,,,
/m/01xgg_,Medical equipment,/m/073g6,Stethoscope,Stretcher,0.93317711353302,Syringe,0.9522753357887268,Band-aid,0.9733279347419739,,,,
/m/01xgg_,Medical equipment,/m/0j496,Band-aid,Stethoscope,0.9733279347419739,Syringe,0.9817901849746704,Stretcher,1.0365910530090332,,,,
/m/04szw,Musical instrument,/m/013y1f,Organ (Musical Instrument),Violin,0.8618459105491638,Piano,0.8943988680839539,Saxophone,0.9094401001930237,Cello,0.9130977988243103,Musical keyboard,0.9188953042030334
/m/04szw,Musical instrument,/m/018j2,Banjo,Cello,0.8582736849784851,Piano,0.8636540174484253,Saxophone,0.8895441889762878,Violin,0.9148754477500916,Guitar,0.9311267733573914
/m/04szw,Musical instrument,/m/01xqw,Cello,Violin,0.6867161393165588,Piano,0.700532853603363,Saxophone,0.7308184504508972,Guitar,0.7694611549377441,Banjo,0.8582736849784851
/m/04szw,Musical instrument,/m/026t6,Drum,Piano,0.8422104716300964,Guitar,0.8586881756782532,Flute,0.8673621416091919,Trumpet,0.8695732951164246,Violin,0.8939006328582764
/m/04szw,Musical instrument,/m/0319l,French horn,Harp,0.9521692991256714,Violin,0.9707682132720947,Harpsichord,0.9752469062805176,Saxophone,0.9759459495544434,Musical keyboard,0.9805507659912109
/m/04szw,Musical instrument,/m/0342h,Guitar,Piano,0.7270097136497498,Violin,0.7306665182113647,Cello,0.7694611549377441,Saxophone,0.7983837723731995,Musical keyboard,0.8020427227020264
/m/04szw,Musical instrument,/m/03m5k,Harp,Harpsichord,0.7838280200958252,Trumpet,0.9134693741798401,Guitar,0.9422945380210876,Saxophone,0.9452821612358093,Cello,0.9474493861198425
/m/04szw,Musical instrument,/m/03q5t,Harpsichord,Harp,0.7838280200958252,Saxophone,0.8934552669525146,Accordion,0.8939164876937866,Violin,0.9101662635803223,Guitar,0.9141356348991394
/m/04szw,Musical instrument,/m/03qjg,Harmonica,Piano,0.9405120015144348,Violin,0.9427833557128906,Accordion,0.9491645693778992,Harp,0.9512686133384705,Trombone,0.96023029088974
/m/04szw,Musical instrument,/m/057cc,Musical keyboard,Piano,0.7567182183265686,Guitar,0.8020427227020264,Violin,0.8171645402908325,Cello,0.870827853679657,Drum,0.8965119123458862
/m/04szw,Musical instrument,/m/05kms,Oboe,Cello,0.976746678352356,Trombone,0.9904763698577881,Banjo,0.9917044639587402,Piano,1.0001890659332275,Saxophone,1.0018268823623657
/m/04szw,Musical instrument,/m/05r5c,Piano,Violin,0.696674644947052,Cello,0.700532853603363,Guitar,0.7270097136497498,Saxophone,0.7454939484596252,Musical keyboard,0.7567182183265686
/m/04szw,Musical instrument,/m/06ncr,Saxophone,Cello,0.7308184504508972,Violin,0.74170982837677,Piano,0.7454939484596252,Guitar,0.7983837723731995,Trumpet,0.8790671825408936
/m/04szw,Musical instrument,/m/07c6l,Trombone,Saxophone,0.8842802047729492,Cello,0.8855209946632385,Piano,0.8887083530426025,Violin,0.8902189135551453,Flute,0.8935800194740295
/m/04szw,Musical instrument,/m/07gql,Trumpet,Violin,0.8303242325782776,Guitar,0.8565984964370728,Piano,0.8586111664772034,Flute,0.8637391328811646,Drum,0.8695732951164246
/m/04szw,Musical instrument,/m/07y_7,Violin,Cello,0.6867161393165588,Piano,0.696674644947052,Guitar,0.7306665182113647,Saxophone,0.74170982837677,Flute,0.8022761344909668
/m/04szw,Musical instrument,/m/0f8s22,Chime,Flute,0.9813635349273682,Trumpet,1.010842204093933,Oboe,1.015052080154419,Trombone,1.0214487314224243,Cello,1.0227197408676147
/m/04szw,Musical instrument,/m/0l14j_,Flute,Violin,0.8022761344909668,Trumpet,0.8637391328811646,Drum,0.8673621416091919,Cello,0.8747060298919678,Piano,0.8861689567565918
/m/04szw,Musical instrument,/m/0mkg,Accordion,Harpsichord,0.8939164876937866,Violin,0.929398238658905,Piano,0.9398149251937866,Guitar,0.9463009834289551,Cello,0.9468600749969482
/m/04szw,Musical instrument,/m/0xzly,Maraca,Harmonica,1.0047569274902344,Cello,1.089349627494812,Harpsichord,1.096360445022583,Trumpet,1.0966267585754395,Saxophone,1.1022428274154663
/m/018xm,Ball (Object),/m/01226z,Football,Rugby ball,0.820654034614563,Cricket ball,0.8648477792739868,Tennis ball,0.9280309081077576,Volleyball (Ball),0.9582863450050354,,
/m/018xm,Ball (Object),/m/02ctlc,Cricket ball,Rugby ball,0.6507099866867065,Tennis ball,0.6991444826126099,Football,0.8648477792739868,Volleyball (Ball),1.0200176239013672,,
/m/018xm,Ball (Object),/m/02rgn06,Volleyball (Ball),Tennis ball,0.9147491455078125,Football,0.9582863450050354,Rugby ball,0.9641228318214417,Cricket ball,1.0200176239013672,,
/m/018xm,Ball (Object),/m/05ctyq,Tennis ball,Cricket ball,0.6991444826126099,Rugby ball,0.7404959201812744,Volleyball (Ball),0.9147491455078125,Football,0.9280309081077576,,
/m/018xm,Ball (Object),/m/0wdt60w,Rugby ball,Cricket ball,0.6507099866867065,Tennis ball,0.7404959201812744,Football,0.820654034614563,Volleyball (Ball),0.9641228318214417,,
/m/0dv9c,Racket,/m/0h8my_4,Tennis racket,Table tennis racket,0.39624887704849243,,,,,,,,
/m/0dv9c,Racket,/m/05_5p_0,Table tennis racket,Tennis racket,0.39624887704849243,,,,,,,,
/m/0zvk5,Helmet,/m/03p3bw,Bicycle helmet,Football helmet,0.7046563625335693,,,,,,,,
/m/0zvk5,Helmet,/m/07qxg_,Football helmet,Bicycle helmet,0.7046563625335693,,,,,,,,
/m/011q46kg,Container,/m/02jnhm,Tin can,Picnic basket,0.9034646153450012,Waste container,0.9120255708694458,Bottle,0.9772360920906067,Beaker,1.0411944389343262,Barrel,1.0462658405303955
/m/011q46kg,Container,/m/02zn6n,Barrel,Bottle,0.7752396464347839,Waste container,0.9512662291526794,Picnic basket,0.966121256351471,Beaker,0.9760122299194336,Jug,1.0345667600631714
/m/011q46kg,Container,/m/04dr76w,Bottle,Barrel,0.7752396464347839,Beaker,0.9360560774803162,Picnic basket,0.9499055743217468,Waste container,0.9565622210502625,Tin can,0.9772360920906067
/m/011q46kg,Container,/m/07kng9,Picnic basket,Waste container,0.8782928586006165,Tin can,0.9034646153450012,Bottle,0.9499055743217468,Barrel,0.966121256351471,Beaker,1.0401074886322021
/m/011q46kg,Container,/m/08hvt4,Jug,Barrel,1.0345667600631714,Waste container,1.047979712486267,Beaker,1.0638471841812134,Tin can,1.07737135887146,Flowerpot,1.0887571573257446
/m/011q46kg,Container,/m/0bjyj5,Waste container,Picnic basket,0.8782928586006165,Tin can,0.9120255708694458,Barrel,0.9512662291526794,Bottle,0.9565622210502625,Beaker,1.0122289657592773
/m/011q46kg,Container,/m/0d20w4,Beaker,Bottle,0.9360560774803162,Barrel,0.9760122299194336,Waste container,1.0122289657592773,Picnic basket,1.0401074886322021,Tin can,1.0411944389343262
/m/011q46kg,Container,/m/0fm3zh,Flowerpot,Bottle,0.9834313988685608,Barrel,1.0519943237304688,Picnic basket,1.0565545558929443,Beaker,1.0586483478546143,Tin can,1.0690642595291138
/m/03hlz0c,Kitchen utensil,/m/01_5g,Chopsticks,Whisk,0.9061822295188904,Cutting board,0.9157123565673828,Knife,0.9349184036254883,Spoon,0.9368446469306946,Spatula,0.9651181697845459
/m/03hlz0c,Kitchen utensil,/m/027rl48,Ladle,Fork,1.0484986305236816,Knife,1.052079677581787,Spatula,1.0618783235549927,Whisk,1.081932544708252,Bottle opener,1.0855594873428345
/m/03hlz0c,Kitchen utensil,/m/02d1br,Spatula,Spoon,0.8262137770652771,Knife,0.8760559558868408,Cutting board,0.9024819731712341,Pizza cutter,0.9327589273452759,Chopsticks,0.9651181697845459
/m/03hlz0c,Kitchen utensil,/m/02mqfb,Can opener,Bottle opener,0.8294814825057983,Pizza cutter,1.0741057395935059,Measuring cup,1.0830920934677124,Cutting board,1.0866807699203491,Drinking straw,1.1014055013656616
/m/03hlz0c,Kitchen utensil,/m/02pdsw,Cutting board,Pizza cutter,0.757813036441803,Measuring cup,0.8685671091079712,Knife,0.8918971419334412,Spatula,0.9024819731712341,Chopsticks,0.9157123565673828
/m/03hlz0c,Kitchen utensil,/m/02vwcm,Whisk,Chopsticks,0.9061822295188904,Fork,0.9778185486793518,Spoon,0.9810009002685547,Knife,0.9816609621047974,Drinking straw,0.9948472380638123
/m/03hlz0c,Kitchen utensil,/m/03v5tg,Drinking straw,Measuring cup,0.845524787902832,Bottle opener,0.9068461060523987,Cutting board,0.9262332916259766,Spoon,0.9310877919197083,Spatula,0.9768510460853577
/m/03hlz0c,Kitchen utensil,/m/04ctx,Knife,Spoon,0.8584455847740173,Spatula,0.8760559558868408,Cutting board,0.8918971419334412,Fork,0.8998323678970337,Chopsticks,0.9349184036254883
/m/03hlz0c,Kitchen utensil,/m/04f5ws,Bottle opener,Can opener,0.8294814825057983,Measuring cup,0.9019941687583923,Drinking straw,0.9068461060523987,Cutting board,0.984910786151886,Spatula,0.9888292551040649
/m/03hlz0c,Kitchen utensil,/m/07v9_z,Measuring cup,Drinking straw,0.845524787902832,Cutting board,0.8685671091079712,Pizza cutter,0.9018034338951111,Bottle opener,0.9019941687583923,Spatula,0.9953616857528687
/m/03hlz0c,Kitchen utensil,/m/08ks85,Pizza cutter,Cutting board,0.757813036441803,Measuring cup,0.9018034338951111,Spatula,0.9327589273452759,Knife,0.9696433544158936,Chopsticks,1.006117820739746
/m/03hlz0c,Kitchen utensil,/m/0cmx8,Spoon,Spatula,0.8262137770652771,Knife,0.8584455847740173,Drinking straw,0.9310877919197083,Chopsticks,0.9368446469306946,Cutting board,0.9400783181190491
/m/03hlz0c,Kitchen utensil,/m/0dt3t,Fork,Knife,0.8998323678970337,Cutting board,0.9621551036834717,Spoon,0.9626131653785706,Chopsticks,0.9659495949745178,Spatula,0.9739717245101929
/m/083kb,Weapon,/m/01g3x7,Bow and arrow,Sword,0.9045408964157104,Knife,0.9138643145561218,Rifle,0.9213533997535706,Handgun,0.938469409942627,Dagger,0.9445143342018127
/m/083kb,Weapon,/m/020kz,Cannon,Handgun,0.9246538281440735,Rifle,0.947809636592865,Shotgun,0.952064037322998,Knife,0.954678475856781,Missile,0.9627653360366821
/m/083kb,Weapon,/m/02gzp,Dagger,Handgun,0.8158044815063477,Shotgun,0.8588367700576782,Sword,0.8725261688232422,Knife,0.8851856589317322,Rifle,0.9134764671325684
/m/083kb,Weapon,/m/04ctx,Knife,Rifle,0.7598949670791626,Sword,0.790099024772644,Handgun,0.8689622282981873,Dagger,0.8851856589317322,Shotgun,0.8913834095001221
/m/083kb,Weapon,/m/06c54,Rifle,Missile,0.6973028182983398,Shotgun,0.7041164040565491,Handgun,0.737960696220398,Knife,0.7598949670791626,Sword,0.818202793598175
/m/083kb,Weapon,/m/06nrc,Shotgun,Handgun,0.5977842211723328,Rifle,0.7041164040565491,Missile,0.8065617680549622,Sword,0.8492019772529602,Dagger,0.8588367700576782
/m/083kb,Weapon,/m/07cmd,Tank,Rifle,0.9041008949279785,Handgun,0.905778706073761,Missile,0.9127280712127686,Bomb,0.9145344495773315,Shotgun,0.9257614612579346
/m/083kb,Weapon,/m/0c2jj,Axe,Rifle,0.8846992254257202,Knife,0.9019494652748108,Missile,0.9223097562789917,Sword,0.939860463142395,Shotgun,0.9598462581634521
/m/083kb,Weapon,/m/0gxl3,Handgun,Shotgun,0.5977842211723328,Rifle,0.737960696220398,Dagger,0.8158044815063477,Sword,0.8540247678756714,Missile,0.8687891960144043
/m/083kb,Weapon,/m/06y5r,Sword,Knife,0.790099024772644,Rifle,0.818202793598175,Shotgun,0.8492019772529602,Handgun,0.8540247678756714,Dagger,0.8725261688232422
/m/083kb,Weapon,/m/04ylt,Missile,Rifle,0.6973028182983398,Shotgun,0.8065617680549622,Bomb,0.8545523285865784,Handgun,0.8687891960144043,Sword,0.9051041603088379
/m/083kb,Weapon,/m/0ct4f,Bomb,Missile,0.8545523285865784,Tank,0.9145344495773315,Shotgun,0.9507284760475159,Rifle,0.9572166204452515,Cannon,0.970038652420044
/m/07cx4,Telephone,/m/050k8,Mobile phone,Corded phone,0.6830264925956726,,,,,,,,
/m/07cx4,Telephone,/m/0h8lkj8,Corded phone,Mobile phone,0.6830264925956726,,,,,,,,
/m/0271t,Drink,/m/01599,Beer,Tea,0.8506317138671875,Wine,0.8861057162284851,Cocktail,0.9278886914253235,Juice,0.9917978644371033,Coffee (drink),1.0067343711853027
/m/0271t,Drink,/m/024g6,Cocktail,Tea,0.8589345812797546,Beer,0.9278886914253235,Wine,0.929267942905426,Juice,0.9385989308357239,Coffee (drink),0.950596272945404
/m/0271t,Drink,/m/02vqfm,Coffee (drink),Tea,0.8570281863212585,Cocktail,0.950596272945404,Beer,1.0067343711853027,Wine,1.0261108875274658,Juice,1.0369923114776611
/m/0271t,Drink,/m/01z1kdw,Juice,Cocktail,0.9385989308357239,Wine,0.9654653072357178,Tea,0.965675413608551,Beer,0.9917978644371033,Coffee (drink),1.0369923114776611
/m/0271t,Drink,/m/07clx,Tea,Beer,0.8506317138671875,Coffee (drink),0.8570281863212585,Cocktail,0.8589345812797546,Wine,0.8952432870864868,Juice,0.965675413608551
/m/0271t,Drink,/m/081qc,Wine,Beer,0.8861057162284851,Tea,0.8952432870864868,Cocktail,0.929267942905426,Juice,0.9654653072357178,Coffee (drink),1.0261108875274658
/m/02p0tk3,Human body,/m/014sv8,Human eye,Human face,0.5270451307296753,Human head,0.6124863028526306,Human ear,0.6391881704330444,Human hand,0.6421881318092346,Human mouth,0.6526638269424438
/m/02p0tk3,Human body,/m/016m2d,Skull,Human head,0.9220072031021118,Beard,0.9372112154960632,Human face,0.9372498989105225,Human hair,0.9373518228530884,Human hand,0.9520666599273682
/m/02p0tk3,Human body,/m/04hgtk,Human head,Human face,0.5424240827560425,Human eye,0.6124863028526306,Human hair,0.6138820052146912,Human hand,0.6321141719818115,Human ear,0.6659349203109741
/m/02p0tk3,Human body,/m/0dzct,Human face,Human eye,0.5270451307296753,Human head,0.5424240827560425,Human hand,0.5883423089981079,Human hair,0.6484072804450989,Human mouth,0.66385418176651
/m/02p0tk3,Human body,/m/0283dt1,Human mouth,Human nose,0.6194120049476624,Human ear,0.6520357131958008,Human eye,0.6526638269424438,Human face,0.66385418176651,Human hand,0.6749875545501709
/m/02p0tk3,Human body,/m/039xj_,Human ear,Human eye,0.6391881704330444,Human nose,0.6496062278747559,Human mouth,0.6520357131958008,Human head,0.6659349203109741,Human hand,0.7118535041809082
/m/02p0tk3,Human body,/m/0k0pj,Human nose,Human mouth,0.6194120049476624,Human ear,0.6496062278747559,Human eye,0.6615332365036011,Human face,0.6831623911857605,Human head,0.7023797035217285
/m/02p0tk3,Human body,/m/03q69,Human hair,Human head,0.6138820052146912,Human face,0.6484072804450989,Human eye,0.6901329159736633,Human hand,0.7047072052955627,Human ear,0.7266197800636292
/m/02p0tk3,Human body,/m/0k65p,Human hand,Human arm,0.5358456969261169,Human face,0.5883423089981079,Human foot,0.5982832908630371,Human head,0.6321141719818115,Human leg,0.6396247148513794
/m/02p0tk3,Human body,/m/031n1,Human foot,Human leg,0.45031243562698364,Human hand,0.5982832908630371,Human eye,0.6648454070091248,Human face,0.6778101921081543,Human head,0.7065484523773193
/m/02p0tk3,Human body,/m/0dzf4,Human arm,Human hand,0.5358456969261169,Human leg,0.6775212287902832,Human eye,0.7228387594223022,Human face,0.733587920665741,Human head,0.7367888689041138
/m/02p0tk3,Human body,/m/035r7c,Human leg,Human foot,0.45031243562698364,Human hand,0.6396247148513794,Human arm,0.6775212287902832,Human eye,0.6862690448760986,Human head,0.6866392493247986
/m/02p0tk3,Human body,/m/015h_t,Beard,Human hair,0.8378368616104126,Human head,0.9218815565109253,Skull,0.9372112154960632,Human face,0.9518377184867859,Human eye,0.9561470746994019
/m/08dz3q,Auto part,/m/01jfm_,Vehicle registration plate,Seat belt,0.9083308577537537,Wheel,0.9830299019813538,Tire,1.0317130088806152,,,,
/m/08dz3q,Auto part,/m/083wq,Wheel,Tire,0.8662517666816711,Seat belt,0.8905053734779358,Vehicle registration plate,0.9830299019813538,,,,
/m/08dz3q,Auto part,/m/0dkzw,Seat belt,Wheel,0.8905053734779358,Vehicle registration plate,0.9083308577537537,Tire,0.9139142036437988,,,,
/m/08dz3q,Auto part,/m/0h9mv,Tire,Wheel,0.8662517666816711,Seat belt,0.9139142036437988,Vehicle registration plate,1.0317130088806152,,,,
