CategoryLabelName,CategoryTextName,LabelName,TextName,Top1Name,Top1Cosine,Top2Name,Top2Cosine,Top3Name,Top3Cosine,Top4Name,Top4Cosine,Top5Name,Top5Cosine
/m/0138tl,Toy,/m/0167gd,Doll,Balloon,0.5293357372283936,Teddy bear,0.49923038482666016,Dice,0.4759517312049866,Flying disc,0.43858465552330017,Kite,0.4124937653541565
/m/0138tl,Toy,/m/01j51,Balloon,Flying disc,0.5340421199798584,Doll,0.5293357372283936,Teddy bear,0.47438496351242065,Dice,0.3774964213371277,Kite,0.37323325872421265
/m/0138tl,Toy,/m/029b3,Dice,Kite,0.4908313751220703,Doll,0.4759517312049866,Flying disc,0.4751982092857361,Teddy bear,0.40175554156303406,Balloon,0.3774964213371277
/m/0138tl,Toy,/m/02wmf,Flying disc,Balloon,0.5340421199798584,Teddy bear,0.4777252674102783,Dice,0.4751982092857361,Doll,0.43858465552330017,Kite,0.41629183292388916
/m/0138tl,Toy,/m/02zt3,Kite,Dice,0.4908313751220703,Teddy bear,0.4425458312034607,Flying disc,0.41629183292388916,Doll,0.4124937653541565,Balloon,0.37323325872421265
/m/0138tl,Toy,/m/0kmg4,Teddy bear,Doll,0.49923038482666016,Flying disc,0.4777252674102783,Balloon,0.47438496351242065,Kite,0.4425458312034607,Dice,0.40175554156303406
/m/019dx1,Home appliance,/m/0174k2,Washing machine,Sewing machine,0.8303817510604858,Dishwasher,0.7974499464035034,Hand dryer,0.7565156817436218,Hair dryer,0.7484985589981079,Oven,0.6523128747940063
/m/019dx1,Home appliance,/m/01k6s3,Toaster,Heater,0.644699215888977,Oven,0.642747163772583,Dishwasher,0.6147666573524475,Mixer,0.6113992929458618,Wood-burning stove,0.5922386646270752
/m/019dx1,Home appliance,/m/029bxz,Oven,Microwave oven,0.7264291048049927,Heater,0.6629840135574341,Washing machine,0.6523128747940063,Wood-burning stove,0.6505423188209534,Refrigerator,0.6438824534416199
/m/019dx1,Home appliance,/m/02pjr4,Blender,Mixer,0.6959435343742371,Heater,0.610196590423584,Coffeemaker,0.5932976603507996,Oven,0.581877589225769,Refrigerator,0.5793014764785767
/m/019dx1,Home appliance,/m/02wv84t,Gas stove,Wood-burning stove,0.7903972864151001,Microwave oven,0.6219407320022583,Oven,0.6134059429168701,Heater,0.5761977434158325,Toaster,0.5622111558914185
/m/019dx1,Home appliance,/m/02x984l,Mechanical fan,Ceiling fan,0.771260142326355,Washing machine,0.6021562218666077,Sewing machine,0.5833427309989929,Heater,0.576719343662262,Hair dryer,0.5669138431549072
/m/019dx1,Home appliance,/m/03qhv5,Heater,Mixer,0.7002164125442505,Refrigerator,0.6893760561943054,Oven,0.6629840135574341,Kettle,0.6554902791976929,Toaster,0.644699215888977
/m/019dx1,Home appliance,/m/03s_tn,Kettle,Heater,0.6554902791976929,Oven,0.5844904184341431,Sewing machine,0.568065345287323,Washing machine,0.5652264952659607,Blender,0.5572768449783325
/m/019dx1,Home appliance,/m/03wvsk,Hair dryer,Hand dryer,0.8417825102806091,Washing machine,0.7484985589981079,Dishwasher,0.7099785804748535,Sewing machine,0.6911146640777588,Heater,0.629635214805603
/m/019dx1,Home appliance,/m/040b_t,Refrigerator,Heater,0.6893760561943054,Dishwasher,0.6489423513412476,Oven,0.6438824534416199,Washing machine,0.6427329778671265,Mixer,0.6169607043266296
/m/019dx1,Home appliance,/m/04169hn,Wood-burning stove,Gas stove,0.7903972864151001,Oven,0.6505423188209534,Microwave oven,0.6150975227355957,Toaster,0.5922386646270752,Heater,0.5812910199165344
/m/019dx1,Home appliance,/m/04lvq_,Humidifier,Heater,0.6361083984375,Hair dryer,0.6208720207214355,Hand dryer,0.5929818153381348,Mixer,0.5800803899765015,Dishwasher,0.5761325359344482
/m/019dx1,Home appliance,/m/063rgb,Mixer,Heater,0.7002164125442505,Blender,0.6959435343742371,Dishwasher,0.6383118629455566,Washing machine,0.6296389102935791,Hair dryer,0.6258379220962524
/m/019dx1,Home appliance,/m/07xyvk,Coffeemaker,Mixer,0.595204770565033,Heater,0.5951412916183472,Refrigerator,0.5938549637794495,Blender,0.5932976603507996,Oven,0.5415513515472412
/m/019dx1,Home appliance,/m/0fx9l,Microwave oven,Oven,0.7264291048049927,Washing machine,0.6492639780044556,Gas stove,0.6219407320022583,Wood-burning stove,0.6150975227355957,Sewing machine,0.6056749820709229
/m/019dx1,Home appliance,/m/0ky7b,Dishwasher,Washing machine,0.7974499464035034,Hair dryer,0.7099785804748535,Hand dryer,0.7030866146087646,Sewing machine,0.6559877395629883,Refrigerator,0.6489423513412476
/m/019dx1,Home appliance,/m/0llzx,Sewing machine,Washing machine,0.8303817510604858,Hand dryer,0.6996198892593384,Hair dryer,0.6911146640777588,Dishwasher,0.6559877395629883,Oven,0.6335516571998596
/m/019dx1,Home appliance,/m/0c3m8g,Hand dryer,Hair dryer,0.8417825102806091,Washing machine,0.7565156817436218,Dishwasher,0.7030866146087646,Sewing machine,0.6996198892593384,Mixer,0.6251558065414429
/m/019dx1,Home appliance,/m/03ldnb,Ceiling fan,Mechanical fan,0.7712600827217102,Sewing machine,0.6071323156356812,Heater,0.6010719537734985,Hair dryer,0.5783323049545288,Washing machine,0.5755981802940369
/m/02pkr5,Plumbing fixture,/m/0130jx,Sink,Shower,0.5807799100875854,Bathtub,0.5641552805900574,Tap,0.5313502550125122,Bidet,0.5299798250198364,Toilet,0.5178415775299072
/m/02pkr5,Plumbing fixture,/m/01vbnl,Bidet,Bathtub,0.691327691078186,Toilet,0.6893997192382812,Shower,0.559039831161499,Sink,0.5299798250198364,Tap,0.47326043248176575
/m/02pkr5,Plumbing fixture,/m/02f9f_,Shower,Bathtub,0.6390394568443298,Toilet,0.6109451651573181,Sink,0.5807799100875854,Bidet,0.559039831161499,Tap,0.523867130279541
/m/02pkr5,Plumbing fixture,/m/02jz0l,Tap,Toilet,0.5564484596252441,Bathtub,0.5408760905265808,Sink,0.5313502550125122,Shower,0.523867130279541,Bidet,0.47326043248176575
/m/02pkr5,Plumbing fixture,/m/03dnzn,Bathtub,Toilet,0.7023617029190063,Bidet,0.691327691078186,Shower,0.6390394568443298,Sink,0.5641552805900574,Tap,0.5408760905265808
/m/02pkr5,Plumbing fixture,/m/09g1w,Toilet,Bathtub,0.7023617029190063,Bidet,0.6893997192382812,Shower,0.6109451651573181,Tap,0.5564484596252441,Sink,0.5178415775299072
/m/02rdsp,Office supplies,/m/01lsmm,Scissors,Eraser,0.6692306995391846,Paper cutter,0.5832780599594116,Pencil sharpener,0.5262550115585327,Box,0.5261695384979248,Envelope,0.5221775770187378
/m/02rdsp,Office supplies,/m/01n5jq,Poster,Adhesive tape,0.5787914395332336,Box,0.5738581418991089,Plastic bag,0.5681310892105103,Toilet paper,0.560663104057312,Eraser,0.5518319606781006
/m/02rdsp,Office supplies,/m/024d2,Calculator,Paper cutter,0.5934429168701172,Fax,0.563633918762207,Box,0.5490044355392456,Eraser,0.524278998374939,Pencil sharpener,0.5232447385787964
/m/02rdsp,Office supplies,/m/025dyy,Box,Envelope,0.5867466926574707,Poster,0.5738581418991089,Fax,0.5629262328147888,Calculator,0.5490044355392456,Scissors,0.5261695384979248
/m/02rdsp,Office supplies,/m/025fsf,Stapler,Poster,0.523431658744812,Eraser,0.5114971399307251,Pen,0.4940961003303528,Scissors,0.4703109860420227,Pencil sharpener,0.4677133560180664
/m/02rdsp,Office supplies,/m/02d9qx,Whiteboard,Toilet paper,0.530310332775116,Poster,0.5285205841064453,Box,0.5222930908203125,Paper cutter,0.5070470571517944,Envelope,0.5065134167671204
/m/02rdsp,Office supplies,/m/02ddwp,Pencil sharpener,Pencil case,0.690211296081543,Paper cutter,0.6252793669700623,Pen,0.6042604446411133,Eraser,0.597187340259552,Scissors,0.5262550115585327
/m/02rdsp,Office supplies,/m/02fh7f,Eraser,Scissors,0.6692306995391846,Paper cutter,0.6044908165931702,Pencil sharpener,0.597187340259552,Pen,0.5555856227874756,Poster,0.5518319606781006
/m/02rdsp,Office supplies,/m/02xqq,Fax,Calculator,0.563633918762207,Box,0.5629262328147888,Poster,0.5367075204849243,Adhesive tape,0.5307139158248901,Envelope,0.5190674662590027
/m/02rdsp,Office supplies,/m/03m3vtv,Adhesive tape,Toilet paper,0.6272792220115662,Poster,0.5787914395332336,Ring binder,0.5686337947845459,Paper cutter,0.5611813068389893,Plastic bag,0.5582948327064514
/m/02rdsp,Office supplies,/m/04zwwv,Ring binder,Adhesive tape,0.5686337947845459,Plastic bag,0.498787522315979,Paper cutter,0.4965938329696655,Calculator,0.49606212973594666,Scissors,0.4889684021472931
/m/02rdsp,Office supplies,/m/05676x,Pencil case,Pencil sharpener,0.690211296081543,Pen,0.6585997343063354,Plastic bag,0.5839499235153198,Paper cutter,0.5491904020309448,Adhesive tape,0.5408229827880859
/m/02rdsp,Office supplies,/m/05gqfk,Plastic bag,Toilet paper,0.6301233768463135,Pencil case,0.5839499235153198,Poster,0.5681310892105103,Adhesive tape,0.5582948327064514,Paper cutter,0.5399433374404907
/m/02rdsp,Office supplies,/m/080n7g,Paper cutter,Toilet paper,0.6948225498199463,Pencil sharpener,0.6252793669700623,Eraser,0.6044908165931702,Calculator,0.5934429168701172,Scissors,0.5832780599594116
/m/02rdsp,Office supplies,/m/09gtd,Toilet paper,Paper cutter,0.6948225498199463,Plastic bag,0.6301233768463135,Adhesive tape,0.6272792220115662,Poster,0.560663104057312,Whiteboard,0.530310332775116
/m/02rdsp,Office supplies,/m/0frqm,Envelope,Box,0.5867466926574707,Adhesive tape,0.5443859696388245,Scissors,0.5221775770187378,Fax,0.5190674662590027,Poster,0.51897794008255
/m/02rdsp,Office supplies,/m/0k1tl,Pen,Pencil case,0.6585997343063354,Pencil sharpener,0.6042604446411133,Eraser,0.5555856227874756,Poster,0.5444720983505249,Envelope,0.5152083039283752
/m/03hlz0c,Kitchen utensil,/m/01_5g,Chopsticks,Whisk,0.5894169807434082,Cutting board,0.5807355642318726,Knife,0.5629638433456421,Spoon,0.5611612200737,Spatula,0.534273624420166
/m/03hlz0c,Kitchen utensil,/m/027rl48,Ladle,Fork,0.45032525062561035,Knife,0.44656431674957275,Spatula,0.4362073540687561,Whisk,0.4147111177444458,Bottle opener,0.4107804000377655
/m/03hlz0c,Kitchen utensil,/m/02d1br,Spatula,Spoon,0.658685564994812,Knife,0.6162630915641785,Cutting board,0.5927632451057434,Pizza cutter,0.5649805068969727,Chopsticks,0.534273624420166
/m/03hlz0c,Kitchen utensil,/m/02mqfb,Can opener,Bottle opener,0.6559803485870361,Pizza cutter,0.4231484532356262,Measuring cup,0.41345587372779846,Cutting board,0.40956252813339233,Drinking straw,0.39345306158065796
/m/03hlz0c,Kitchen utensil,/m/02pdsw,Cutting board,Pizza cutter,0.7128597497940063,Measuring cup,0.622795581817627,Knife,0.6022597551345825,Spatula,0.5927632451057434,Chopsticks,0.5807355642318726
/m/03hlz0c,Kitchen utensil,/m/02vwcm,Whisk,Chopsticks,0.5894169807434082,Fork,0.5219354629516602,Spoon,0.518818736076355,Knife,0.5181710720062256,Drinking straw,0.5051395297050476
/m/03hlz0c,Kitchen utensil,/m/03v5tg,Drinking straw,Measuring cup,0.6425439119338989,Bottle opener,0.5888152122497559,Cutting board,0.571045994758606,Spoon,0.5665377974510193,Spatula,0.5228811502456665
/m/03hlz0c,Kitchen utensil,/m/04ctx,Knife,Spoon,0.6315356492996216,Spatula,0.6162630915641785,Cutting board,0.6022597551345825,Fork,0.5951507687568665,Chopsticks,0.5629638433456421
/m/03hlz0c,Kitchen utensil,/m/04f5ws,Bottle opener,Can opener,0.6559803485870361,Measuring cup,0.5932033061981201,Drinking straw,0.5888152122497559,Cutting board,0.5149754881858826,Spatula,0.5111085176467896
/m/03hlz0c,Kitchen utensil,/m/07v9_z,Measuring cup,Drinking straw,0.6425439119338989,Cutting board,0.622795581817627,Pizza cutter,0.5933753252029419,Bottle opener,0.5932033061981201,Spatula,0.5046277046203613
/m/03hlz0c,Kitchen utensil,/m/08ks85,Pizza cutter,Cutting board,0.7128597497940063,Measuring cup,0.5933753252029419,Spatula,0.5649805068969727,Knife,0.5298959016799927,Chopsticks,0.4938634932041168
/m/03hlz0c,Kitchen utensil,/m/0cmx8,Spoon,Spatula,0.658685564994812,Knife,0.6315356492996216,Drinking straw,0.5665377974510193,Chopsticks,0.5611612200737,Cutting board,0.5581264495849609
/m/03hlz0c,Kitchen utensil,/m/0dt3t,Fork,Knife,0.5951507687568665,Cutting board,0.5371288061141968,Spoon,0.536687970161438,Chopsticks,0.5334706902503967,Spatula,0.5256895422935486
/m/04brg2,Tableware,/m/01_5g,Chopsticks,Spoon,0.5611612200737,Fork,0.533470630645752,Mixing bowl,0.5315917134284973,Bottle,0.5308898687362671,Kitchen knife,0.5278684496879578
/m/04brg2,Tableware,/m/01fh4r,Teapot,Coffee cup,0.6099929809570312,Plate,0.5549930334091187,Spoon,0.5513611435890198,Bottle,0.5451957583427429,Mixing bowl,0.5208978652954102
/m/04brg2,Tableware,/m/02jvh9,Mug,Jug,0.6004540920257568,Coffee cup,0.5465325713157654,Mixing bowl,0.5400766730308533,Wine glass,0.512871503829956,Spoon,0.5112941265106201
/m/04brg2,Tableware,/m/02p5f1q,Coffee cup,Kitchen knife,0.6237424612045288,Cocktail shaker,0.6215715408325195,Cake stand,0.6180100440979004,Teapot,0.6099929809570312,Mixing bowl,0.5994157791137695
/m/04brg2,Tableware,/m/02x8cch,Salt and pepper shakers,Cocktail shaker,0.6348883509635925,Mixing bowl,0.6014732122421265,Kitchen knife,0.5636985301971436,Serving tray,0.5563671588897705,Spoon,0.5313630700111389
/m/04brg2,Tableware,/m/03hj559,Mixing bowl,Bowl,0.7159382104873657,Serving tray,0.644160270690918,Cocktail shaker,0.6151630878448486,Salt and pepper shakers,0.6014732122421265,Coffee cup,0.5994157791137695
/m/04brg2,Tableware,/m/03q5c7,Saucer,Spoon,0.5687565803527832,Cocktail shaker,0.5347740054130554,Salt and pepper shakers,0.5294779539108276,Platter,0.5056718587875366,Chopsticks,0.5023730397224426
/m/04brg2,Tableware,/m/0440zs,Cocktail shaker,Salt and pepper shakers,0.6348883509635925,Coffee cup,0.6215715408325195,Wine glass,0.6171694993972778,Mixing bowl,0.6151630878448486,Kitchen knife,0.5783638954162598
/m/04brg2,Tableware,/m/04dr76w,Bottle,Wine glass,0.6478791236877441,Plate,0.6195911169052124,Spoon,0.5840937495231628,Cocktail shaker,0.5547573566436768,Mixing bowl,0.5491451025009155
/m/04brg2,Tableware,/m/04kkgm,Bowl,Mixing bowl,0.7159382104873657,Bottle,0.5390633344650269,Mug,0.5084443688392639,Cocktail shaker,0.4774371087551117,Wine glass,0.47500187158584595
/m/04brg2,Tableware,/m/050gv4,Plate,Platter,0.7597764730453491,Bottle,0.6195911169052124,Serving tray,0.6159180998802185,Spoon,0.6128228902816772,Teapot,0.5549930334091187
/m/04brg2,Tableware,/m/054fyh,Pitcher (Container),Mixing bowl,0.5398861169815063,Cocktail shaker,0.5090705156326294,Serving tray,0.48231396079063416,Saucer,0.4704708755016327,Platter,0.469568133354187
/m/04brg2,Tableware,/m/058qzx,Kitchen knife,Coffee cup,0.6237424612045288,Mixing bowl,0.5876280069351196,Serving tray,0.5835015773773193,Cocktail shaker,0.5783638954162598,Salt and pepper shakers,0.5636985301971436
/m/04brg2,Tableware,/m/08hvt4,Jug,Mug,0.6004540920257568,Saucer,0.4853787124156952,Fork,0.45860761404037476,Plate,0.44800400733947754,Spoon,0.44118887186050415
/m/04brg2,Tableware,/m/099ssp,Platter,Plate,0.7597764730453491,Spoon,0.5308187007904053,Saucer,0.5056718587875366,Bottle,0.502189576625824,Pitcher (Container),0.469568133354187
/m/04brg2,Tableware,/m/09tvcd,Wine glass,Bottle,0.6478791236877441,Cocktail shaker,0.6171694993972778,Serving tray,0.6047478318214417,Coffee cup,0.5917218327522278,Mixing bowl,0.574705958366394
/m/04brg2,Tableware,/m/0cmx8,Spoon,Plate,0.6128228902816772,Bottle,0.5840937495231628,Saucer,0.5687565803527832,Chopsticks,0.5611612200737,Teapot,0.5513611435890198
/m/04brg2,Tableware,/m/0dt3t,Fork,Spoon,0.536687970161438,Chopsticks,0.533470630645752,Plate,0.4961397051811218,Bottle,0.4892909526824951,Mixing bowl,0.48206794261932373
/m/04brg2,Tableware,/m/0h8n27j,Serving tray,Mixing bowl,0.644160270690918,Cake stand,0.6275085210800171,Plate,0.6159180998802185,Wine glass,0.6047478318214417,Coffee cup,0.5932903289794922
/m/04brg2,Tableware,/m/0h8n6ft,Cake stand,Serving tray,0.6275085210800171,Coffee cup,0.6180100440979004,Kitchen knife,0.5609468221664429,Mixing bowl,0.5421466827392578,Cocktail shaker,0.539419949054718
/m/0h99cwc,Kitchen appliance,/m/029bxz,Oven,Microwave oven,0.7264290452003479,Refrigerator,0.6438825130462646,Slow cooker,0.6150486469268799,Food processor,0.6092077493667603,Dishwasher,0.6065407395362854
/m/0h99cwc,Kitchen appliance,/m/02pjr4,Blender,Mixer,0.6959435939788818,Food processor,0.6094570159912109,Slow cooker,0.5968490839004517,Coffeemaker,0.5932976603507996,Oven,0.581877589225769
/m/0h99cwc,Kitchen appliance,/m/02tsc9,Slow cooker,Pressure cooker,0.6988396644592285,Food processor,0.6872107982635498,Mixer,0.632615327835083,Oven,0.6150486469268799,Microwave oven,0.6096058487892151
/m/0h99cwc,Kitchen appliance,/m/03y6mg,Food processor,Slow cooker,0.6872107982635498,Pressure cooker,0.6533083915710449,Mixer,0.645664393901825,Refrigerator,0.6347810626029968,Dishwasher,0.6171125173568726
/m/0h99cwc,Kitchen appliance,/m/040b_t,Refrigerator,Dishwasher,0.648942232131958,Oven,0.6438825130462646,Food processor,0.6347810626029968,Mixer,0.6169606447219849,Coffeemaker,0.5938549041748047
/m/0h99cwc,Kitchen appliance,/m/04z4wx,Waffle iron,Microwave oven,0.5262106657028198,Food processor,0.5220517516136169,Slow cooker,0.4958930015563965,Oven,0.4946897029876709,Pressure cooker,0.4828696548938751
/m/0h99cwc,Kitchen appliance,/m/063rgb,Mixer,Blender,0.6959435939788818,Pressure cooker,0.6499345302581787,Food processor,0.645664393901825,Dishwasher,0.638312041759491,Slow cooker,0.632615327835083
/m/0h99cwc,Kitchen appliance,/m/07xyvk,Coffeemaker,Mixer,0.595204770565033,Refrigerator,0.5938549041748047,Blender,0.5932976603507996,Food processor,0.5790104866027832,Oven,0.541551411151886
/m/0h99cwc,Kitchen appliance,/m/0fx9l,Microwave oven,Oven,0.7264290452003479,Slow cooker,0.6096058487892151,Food processor,0.6018312573432922,Dishwasher,0.5792912244796753,Refrigerator,0.5724532008171082
/m/0h99cwc,Kitchen appliance,/m/0h8ntjv,Pressure cooker,Slow cooker,0.6988396644592285,Food processor,0.6533083915710449,Mixer,0.6499345302581787,Oven,0.5866879224777222,Microwave oven,0.5550888776779175
/m/0h99cwc,Kitchen appliance,/m/0ky7b,Dishwasher,Refrigerator,0.648942232131958,Mixer,0.638312041759491,Food processor,0.6171125173568726,Oven,0.6065407395362854,Microwave oven,0.5792912244796753
/m/02crq1,Couch,/m/03m3pdh,Sofa bed,Loveseat,0.5205649137496948,,,,,,,,
/m/02crq1,Couch,/m/0703r8,Loveseat,Sofa bed,0.52056485414505,,,,,,,,
/m/03ssj5,Bed,/m/061hd_,Infant bed,Studio couch,0.5244699716567993,,,,,,,,
/m/03ssj5,Bed,/m/026qbn5,Studio couch,Infant bed,0.5244700312614441,,,,,,,,
/m/04bcr3,Table,/m/078n6m,Coffee table,Kitchen & dining room table,0.7036811113357544,,,,,,,,
/m/04bcr3,Table,/m/0h8n5zk,Kitchen & dining room table,Coffee table,0.703681230545044,,,,,,,,
/m/01x3z,Clock,/m/046dlr,Alarm clock,Wall clock,0.7645484805107117,Digital clock,0.6944053173065186,,,,,,
/m/01x3z,Clock,/m/06_72j,Digital clock,Wall clock,0.7697052955627441,Alarm clock,0.6944053769111633,,,,,,
/m/01x3z,Clock,/m/0h8mzrc,Wall clock,Digital clock,0.7697052955627441,Alarm clock,0.7645484805107117,,,,,,
/m/06msq,Sculpture,/m/0152hh,Snowman,Bust,0.4001506567001343,Bronze sculpture,0.3693941533565521,,,,,,
/m/06msq,Sculpture,/m/04yqq2,Bust,Bronze sculpture,0.4417096972465515,Snowman,0.4001505970954895,,,,,,
/m/06msq,Sculpture,/m/01yx86,Bronze sculpture,Bust,0.4417096972465515,Snowman,0.3693941533565521,,,,,,
/m/0h8nr_l,Bathroom accessory,/m/0162_1,Towel,Toilet paper,0.656453013420105,Soap dispenser,0.5239965915679932,Facial tissue holder,0.47566327452659607,,,,
/m/0h8nr_l,Bathroom accessory,/m/09gtd,Toilet paper,Towel,0.656453013420105,Soap dispenser,0.6121602058410645,Facial tissue holder,0.4900127053260803,,,,
/m/0h8nr_l,Bathroom accessory,/m/0c3mkw,Soap dispenser,Toilet paper,0.6121602058410645,Towel,0.5239965915679932,Facial tissue holder,0.4976572096347809,,,,
/m/0h8nr_l,Bathroom accessory,/m/0h8nsvg,Facial tissue holder,Soap dispenser,0.4976572096347809,Toilet paper,0.4900127053260803,Towel,0.47566327452659607,,,,
/m/01xgg_,Medical equipment,/m/012ysf,Syringe,Stethoscope,0.5465859174728394,Band-aid,0.5180440545082092,Stretcher,0.4636653959751129,,,,
/m/01xgg_,Medical equipment,/m/02lbcq,Stretcher,Stethoscope,0.5645902752876282,Syringe,0.4636653959751129,Band-aid,0.4627395570278168,,,,
/m/01xgg_,Medical equipment,/m/073g6,Stethoscope,Stretcher,0.5645902752876282,Syringe,0.5465859174728394,Band-aid,0.5263162851333618,,,,
/m/01xgg_,Medical equipment,/m/0j496,Band-aid,Stethoscope,0.5263162851333618,Syringe,0.5180440545082092,Stretcher,0.4627395570278168,,,,
/m/04szw,Musical instrument,/m/013y1f,Organ (Musical Instrument),Violin,0.6286108493804932,Piano,0.6000254154205322,Saxophone,0.5864594578742981,Cello,0.5831262469291687,Musical keyboard,0.5778157711029053
/m/04szw,Musical instrument,/m/018j2,Banjo,Cello,0.6316832304000854,Piano,0.6270508766174316,Saxophone,0.6043557524681091,Violin,0.5815016031265259,Guitar,0.5665016174316406
/m/04szw,Musical instrument,/m/01xqw,Cello,Violin,0.7642104029655457,Piano,0.7546267509460449,Saxophone,0.7329522371292114,Guitar,0.7039648294448853,Banjo,0.6316832304000854
/m/04szw,Musical instrument,/m/026t6,Drum,Piano,0.6453408598899841,Guitar,0.6313272714614868,Flute,0.6238414645195007,Trumpet,0.6219213008880615,Violin,0.6004709005355835
/m/04szw,Musical instrument,/m/0319l,French horn,Harp,0.5466868877410889,Violin,0.5288045406341553,Harpsichord,0.5244469046592712,Saxophone,0.5237648487091064,Musical keyboard,0.5192601680755615
/m/04szw,Musical instrument,/m/0342h,Guitar,Piano,0.7357285022735596,Violin,0.733063280582428,Cello,0.7039648294448853,Saxophone,0.6812917590141296,Musical keyboard,0.6783637404441833
/m/04szw,Musical instrument,/m/03m5k,Harp,Harpsichord,0.6928069591522217,Trumpet,0.5827869772911072,Guitar,0.5560405850410461,Saxophone,0.5532208681106567,Cello,0.5511698722839355
/m/04szw,Musical instrument,/m/03q5t,Harpsichord,Harp,0.6928069591522217,Saxophone,0.6008689999580383,Accordion,0.6004567742347717,Violin,0.5857987403869629,Guitar,0.5821782350540161
/m/04szw,Musical instrument,/m/03qjg,Harmonica,Piano,0.5577186346054077,Violin,0.5555797815322876,Accordion,0.5495433807373047,Harp,0.5475440621376038,Trombone,0.5389788746833801
/m/04szw,Musical instrument,/m/057cc,Musical keyboard,Piano,0.7136887907981873,Guitar,0.6783637404441833,Violin,0.6661210060119629,Cello,0.6208294630050659,Drum,0.5981333255767822
/m/04szw,Musical instrument,/m/05kms,Oboe,Cello,0.5229829549789429,Trombone,0.5094782114028931,Banjo,0.5082611441612244,Piano,0.4998108446598053,Saxophone,0.49817144870758057
/m/04szw,Musical instrument,/m/05r5c,Piano,Violin,0.7573221921920776,Cello,0.7546267509460449,Guitar,0.7357285022735596,Saxophone,0.7221193909645081,Musical keyboard,0.7136887907981873
/m/04szw,Musical instrument,/m/06ncr,Saxophone,Cello,0.7329522371292114,Violin,0.7249332070350647,Piano,0.7221193909645081,Guitar,0.6812917590141296,Trumpet,0.6136205196380615
/m/04szw,Musical instrument,/m/07c6l,Trombone,Saxophone,0.6090242862701416,Cello,0.6079262495040894,Piano,0.6050989031791687,Violin,0.6037551164627075,Flute,0.600757360458374
/m/04szw,Musical instrument,/m/07gql,Trumpet,Violin,0.6552809476852417,Guitar,0.6331195831298828,Piano,0.631393551826477,Flute,0.6269774436950684,Drum,0.6219213008880615
/m/04szw,Musical instrument,/m/07y_7,Violin,Cello,0.7642104029655457,Piano,0.7573221921920776,Guitar,0.733063280582428,Saxophone,0.7249332070350647,Flute,0.6781765222549438
/m/04szw,Musical instrument,/m/0f8s22,Chime,Flute,0.5184628367424011,Trumpet,0.48909908533096313,Oboe,0.48483461141586304,Trombone,0.4783211946487427,Cello,0.4770221412181854
/m/04szw,Musical instrument,/m/0l14j_,Flute,Violin,0.6781765222549438,Trumpet,0.6269774436950684,Drum,0.6238414645195007,Cello,0.617444634437561,Piano,0.6073522567749023
/m/04szw,Musical instrument,/m/0mkg,Accordion,Harpsichord,0.6004567742347717,Violin,0.568109393119812,Piano,0.5583739280700684,Guitar,0.5522571802139282,Cello,0.5517278909683228
/m/04szw,Musical instrument,/m/0xzly,Maraca,Harmonica,0.49523186683654785,Cello,0.4066585898399353,Harpsichord,0.39899688959121704,Trumpet,0.3987048864364624,Saxophone,0.39253032207489014
/m/018xm,Ball (Object),/m/01226z,Football,Rugby ball,0.6632635593414307,Cricket ball,0.626019299030304,Tennis ball,0.5693793296813965,Volleyball (Ball),0.540843665599823,,
/m/018xm,Ball (Object),/m/02ctlc,Cricket ball,Rugby ball,0.7882883548736572,Tennis ball,0.7555986046791077,Football,0.626019299030304,Volleyball (Ball),0.4797820448875427,,
/m/018xm,Ball (Object),/m/02rgn06,Volleyball (Ball),Tennis ball,0.581616997718811,Football,0.540843665599823,Rugby ball,0.5352336168289185,Cricket ball,0.4797820448875427,,
/m/018xm,Ball (Object),/m/05ctyq,Tennis ball,Cricket ball,0.7555986046791077,Rugby ball,0.7258329391479492,Volleyball (Ball),0.581616997718811,Football,0.5693793296813965,,
/m/018xm,Ball (Object),/m/0wdt60w,Rugby ball,Cricket ball,0.7882883548736572,Tennis ball,0.7258329391479492,Football,0.6632635593414307,Volleyball (Ball),0.5352336168289185,,
/m/0dv9c,Racket,/m/0h8my_4,Tennis racket,Table tennis racket,0.9214935302734375,,,,,,,,
/m/0dv9c,Racket,/m/05_5p_0,Table tennis racket,Tennis racket,0.9214935898780823,,,,,,,,
/m/0zvk5,Helmet,/m/03p3bw,Bicycle helmet,Football helmet,0.7517296075820923,,,,,,,,
/m/0zvk5,Helmet,/m/07qxg_,Football helmet,Bicycle helmet,0.7517296075820923,,,,,,,,
/m/011q46kg,Container,/m/02jnhm,Tin can,Picnic basket,0.5918759107589722,Waste container,0.5841047167778015,Bottle,0.5225049257278442,Beaker,0.457956999540329,Barrel,0.45266395807266235
/m/011q46kg,Container,/m/02zn6n,Barrel,Bottle,0.6995017528533936,Waste container,0.54754638671875,Picnic basket,0.5333048701286316,Beaker,0.5237001180648804,Jug,0.4648358225822449
/m/011q46kg,Container,/m/04dr76w,Bottle,Barrel,0.6995017528533936,Beaker,0.5618994832038879,Picnic basket,0.548839807510376,Waste container,0.5424944758415222,Tin can,0.5225049257278442
/m/011q46kg,Container,/m/07kng9,Picnic basket,Waste container,0.6143009662628174,Tin can,0.5918759107589722,Bottle,0.548839807510376,Barrel,0.5333048701286316,Beaker,0.45908820629119873
/m/011q46kg,Container,/m/08hvt4,Jug,Barrel,0.4648358225822449,Waste container,0.45086929202079773,Beaker,0.4341144561767578,Tin can,0.4196355938911438,Flowerpot,0.407304048538208
/m/011q46kg,Container,/m/0bjyj5,Waste container,Picnic basket,0.6143009662628174,Tin can,0.5841047167778015,Barrel,0.54754638671875,Bottle,0.5424944758415222,Beaker,0.4876962900161743
/m/011q46kg,Container,/m/0d20w4,Beaker,Bottle,0.5618994832038879,Barrel,0.5237001180648804,Waste container,0.48769626021385193,Picnic basket,0.45908820629119873,Tin can,0.457956999540329
/m/011q46kg,Container,/m/0fm3zh,Flowerpot,Bottle,0.516431450843811,Barrel,0.44665417075157166,Picnic basket,0.4418463110923767,Beaker,0.43963193893432617,Tin can,0.42855095863342285
/m/03hlz0c,Kitchen utensil,/m/01_5g,Chopsticks,Whisk,0.5894169807434082,Cutting board,0.5807355642318726,Knife,0.5629638433456421,Spoon,0.5611612200737,Spatula,0.534273624420166
/m/03hlz0c,Kitchen utensil,/m/027rl48,Ladle,Fork,0.45032525062561035,Knife,0.44656431674957275,Spatula,0.4362073540687561,Whisk,0.4147111177444458,Bottle opener,0.4107804000377655
/m/03hlz0c,Kitchen utensil,/m/02d1br,Spatula,Spoon,0.658685564994812,Knife,0.6162630915641785,Cutting board,0.5927632451057434,Pizza cutter,0.5649805068969727,Chopsticks,0.534273624420166
/m/03hlz0c,Kitchen utensil,/m/02mqfb,Can opener,Bottle opener,0.6559803485870361,Pizza cutter,0.4231484532356262,Measuring cup,0.41345587372779846,Cutting board,0.40956252813339233,Drinking straw,0.39345306158065796
/m/03hlz0c,Kitchen utensil,/m/02pdsw,Cutting board,Pizza cutter,0.7128597497940063,Measuring cup,0.622795581817627,Knife,0.6022597551345825,Spatula,0.5927632451057434,Chopsticks,0.5807355642318726
/m/03hlz0c,Kitchen utensil,/m/02vwcm,Whisk,Chopsticks,0.5894169807434082,Fork,0.5219354629516602,Spoon,0.518818736076355,Knife,0.5181710720062256,Drinking straw,0.5051395297050476
/m/03hlz0c,Kitchen utensil,/m/03v5tg,Drinking straw,Measuring cup,0.6425439119338989,Bottle opener,0.5888152122497559,Cutting board,0.571045994758606,Spoon,0.5665377974510193,Spatula,0.5228811502456665
/m/03hlz0c,Kitchen utensil,/m/04ctx,Knife,Spoon,0.6315356492996216,Spatula,0.6162630915641785,Cutting board,0.6022597551345825,Fork,0.5951507687568665,Chopsticks,0.5629638433456421
/m/03hlz0c,Kitchen utensil,/m/04f5ws,Bottle opener,Can opener,0.6559803485870361,Measuring cup,0.5932033061981201,Drinking straw,0.5888152122497559,Cutting board,0.5149754881858826,Spatula,0.5111085176467896
/m/03hlz0c,Kitchen utensil,/m/07v9_z,Measuring cup,Drinking straw,0.6425439119338989,Cutting board,0.622795581817627,Pizza cutter,0.5933753252029419,Bottle opener,0.5932033061981201,Spatula,0.5046277046203613
/m/03hlz0c,Kitchen utensil,/m/08ks85,Pizza cutter,Cutting board,0.7128597497940063,Measuring cup,0.5933753252029419,Spatula,0.5649805068969727,Knife,0.5298959016799927,Chopsticks,0.4938634932041168
/m/03hlz0c,Kitchen utensil,/m/0cmx8,Spoon,Spatula,0.658685564994812,Knife,0.6315356492996216,Drinking straw,0.5665377974510193,Chopsticks,0.5611612200737,Cutting board,0.5581264495849609
/m/03hlz0c,Kitchen utensil,/m/0dt3t,Fork,Knife,0.5951507687568665,Cutting board,0.5371288061141968,Spoon,0.536687970161438,Chopsticks,0.5334706902503967,Spatula,0.5256895422935486
/m/083kb,Weapon,/m/01g3x7,Bow and arrow,Sword,0.5909028053283691,Knife,0.5824260711669922,Rifle,0.5755538940429688,Handgun,0.5596375465393066,Dagger,0.5539462566375732
/m/083kb,Weapon,/m/020kz,Cannon,Handgun,0.5725077390670776,Rifle,0.5508286356925964,Shotgun,0.5467870831489563,Knife,0.5442944169044495,Missile,0.5365415811538696
/m/083kb,Weapon,/m/02gzp,Dagger,Handgun,0.667231559753418,Shotgun,0.6311997175216675,Sword,0.6193492412567139,Knife,0.6082232594490051,Rifle,0.5827805995941162
/m/083kb,Weapon,/m/04ctx,Knife,Rifle,0.7112797498703003,Sword,0.687872052192688,Handgun,0.6224523782730103,Dagger,0.6082232594490051,Shotgun,0.6027178764343262
/m/083kb,Weapon,/m/06c54,Rifle,Missile,0.7568845152854919,Shotgun,0.7521101236343384,Handgun,0.727707028388977,Knife,0.7112797498703003,Sword,0.6652723550796509
/m/083kb,Weapon,/m/06nrc,Shotgun,Handgun,0.8213270902633667,Rifle,0.7521101236343384,Missile,0.67472904920578,Sword,0.6394281983375549,Dagger,0.6311997175216675
/m/083kb,Weapon,/m/07cmd,Tank,Rifle,0.5913008451461792,Handgun,0.5897826552391052,Missile,0.5834638476371765,Bomb,0.581813395023346,Shotgun,0.57148277759552
/m/083kb,Weapon,/m/0c2jj,Axe,Rifle,0.6086536645889282,Knife,0.5932436585426331,Missile,0.5746724605560303,Sword,0.5583310723304749,Shotgun,0.5393476486206055
/m/083kb,Weapon,/m/0gxl3,Handgun,Shotgun,0.8213270902633667,Rifle,0.727707028388977,Dagger,0.667231559753418,Sword,0.6353210210800171,Missile,0.6226028203964233
/m/083kb,Weapon,/m/06y5r,Sword,Knife,0.687872052192688,Rifle,0.6652723550796509,Shotgun,0.6394281983375549,Handgun,0.6353210210800171,Dagger,0.6193492412567139
/m/083kb,Weapon,/m/04ylt,Missile,Rifle,0.7568845152854919,Shotgun,0.67472904920578,Bomb,0.6348702907562256,Handgun,0.6226028203964233,Sword,0.5903933048248291
/m/083kb,Weapon,/m/0ct4f,Bomb,Missile,0.6348702907562256,Tank,0.581813395023346,Shotgun,0.5480579137802124,Rifle,0.5418683290481567,Cannon,0.5295127034187317
/m/07cx4,Telephone,/m/050k8,Mobile phone,Corded phone,0.7667375802993774,,,,,,,,
/m/07cx4,Telephone,/m/0h8lkj8,Corded phone,Mobile phone,0.766737699508667,,,,,,,,
/m/02p0tk3,Human body,/m/014sv8,Human eye,Human face,0.8611117601394653,Human head,0.8124302625656128,Human ear,0.7957192063331604,Human hand,0.7937972545623779,Human mouth,0.7870151400566101
/m/02p0tk3,Human body,/m/016m2d,Skull,Human head,0.5749512910842896,Beard,0.5608176589012146,Human face,0.5607813000679016,Human hair,0.5606858730316162,Human hand,0.5467846393585205
/m/02p0tk3,Human body,/m/04hgtk,Human head,Human face,0.8528878688812256,Human eye,0.8124302625656128,Human hair,0.811574399471283,Human hand,0.8002158403396606,Human ear,0.7782652378082275
/m/02p0tk3,Human body,/m/0dzct,Human face,Human eye,0.8611117601394653,Human head,0.8528878688812256,Human hand,0.8269267082214355,Human hair,0.7897839546203613,Human mouth,0.7796488404273987
/m/02p0tk3,Human body,/m/0283dt1,Human mouth,Human nose,0.8081644773483276,Human ear,0.7874248027801514,Human eye,0.7870151400566101,Human face,0.7796488404273987,Human hand,0.7721960544586182
/m/02p0tk3,Human body,/m/039xj_,Human ear,Human eye,0.7957192063331604,Human nose,0.7890058755874634,Human mouth,0.7874248027801514,Human head,0.7782652378082275,Human hand,0.7466323375701904
/m/02p0tk3,Human body,/m/0k0pj,Human nose,Human mouth,0.8081644773483276,Human ear,0.7890058755874634,Human eye,0.7811868786811829,Human face,0.7666444182395935,Human head,0.7533313035964966
/m/02p0tk3,Human body,/m/03q69,Human hair,Human head,0.811574399471283,Human face,0.7897839546203613,Human eye,0.7618584036827087,Human hand,0.7516940236091614,Human ear,0.7360121011734009
/m/02p0tk3,Human body,/m/0k65p,Human hand,Human arm,0.8564349412918091,Human face,0.8269267082214355,Human foot,0.8210285902023315,Human head,0.8002158403396606,Human leg,0.7954400777816772
/m/02p0tk3,Human body,/m/031n1,Human foot,Human leg,0.8986093997955322,Human hand,0.8210285902023315,Human eye,0.7789903283119202,Human face,0.7702865600585938,Human head,0.7503945231437683
/m/02p0tk3,Human body,/m/0dzf4,Human arm,Human hand,0.8564349412918091,Human leg,0.7704825401306152,Human eye,0.7387521266937256,Human face,0.7309244275093079,Human head,0.7285709977149963
/m/02p0tk3,Human body,/m/035r7c,Human leg,Human foot,0.8986093997955322,Human hand,0.7954400777816772,Human arm,0.7704825401306152,Human eye,0.7645174264907837,Human head,0.7642632722854614
/m/02p0tk3,Human body,/m/015h_t,Beard,Human hair,0.649014949798584,Human head,0.5750672221183777,Skull,0.5608177185058594,Human face,0.5470024347305298,Human eye,0.5428915023803711
/m/01_bhs,Fast food,/m/01b9xk,Hot dog,French fries,0.5414127707481384,,,,,,,,
/m/01_bhs,Fast food,/m/02y6n,French fries,Hot dog,0.5414127707481384,,,,,,,,
/m/01ww8y,Snack,/m/01f91_,Pretzel,Popcorn,0.5392280220985413,Cookie,0.4767988324165344,,,,,,
/m/01ww8y,Snack,/m/01hrv5,Popcorn,Cookie,0.6002122163772583,Pretzel,0.5392280220985413,,,,,,
/m/01ww8y,Snack,/m/021mn,Cookie,Popcorn,0.6002123355865479,Pretzel,0.4767988324165344,,,,,,
/m/0270h,Dessert,/m/01tcjp,Muffin,Cookie,0.5577059984207153,Cake,0.5450077056884766,Candy,0.46820926666259766,Ice cream,0.4296361804008484,,
/m/0270h,Dessert,/m/021mn,Cookie,Cake,0.7290719747543335,Candy,0.61341392993927,Ice cream,0.5661839246749878,Muffin,0.5577059984207153,,
/m/0270h,Dessert,/m/0cxn2,Ice cream,Cookie,0.5661839246749878,Cake,0.5592467784881592,Candy,0.518993616104126,Muffin,0.4296361804008484,,
/m/0270h,Dessert,/m/0fszt,Cake,Cookie,0.7290719747543335,Candy,0.6051016449928284,Ice cream,0.5592467784881592,Muffin,0.5450077056884766,,
/m/0270h,Dessert,/m/0gm28,Candy,Cookie,0.61341392993927,Cake,0.6051016449928284,Ice cream,0.518993616104126,Muffin,0.46820926666259766,,
/m/02xwb,Fruit,/m/014j1m,Apple,Pineapple,0.6748524308204651,Banana,0.5729882717132568,Mango,0.5614204406738281,Pomegranate,0.5502440333366394,Watermelon,0.5437192916870117
/m/02xwb,Fruit,/m/0388q,Grape,Grapefruit,0.8059567213058472,Pear,0.6564241647720337,Pineapple,0.6439951658248901,Peach,0.6241708993911743,Pomegranate,0.612131655216217
/m/02xwb,Fruit,/m/043nyj,Common fig,Lemon (plant),0.4949507713317871,Orange (fruit),0.46011513471603394,Grapefruit,0.4472738206386566,Mango,0.4443727731704712,Grape,0.43508729338645935
/m/02xwb,Fruit,/m/061_f,Pear,Peach,0.7207410335540771,Grape,0.6564241647720337,Grapefruit,0.620861291885376,Pineapple,0.6179735660552979,Pomegranate,0.5568544864654541
/m/02xwb,Fruit,/m/07fbm7,Strawberry,Grapefruit,0.6302927136421204,Grape,0.5375280380249023,Banana,0.5375227928161621,Pomegranate,0.5245805978775024,Tomato,0.5207334160804749
/m/02xwb,Fruit,/m/07j87,Tomato,Pomegranate,0.6049030423164368,Mango,0.5970070958137512,Grapefruit,0.5967568159103394,Watermelon,0.5739927291870117,Banana,0.5726385116577148
/m/02xwb,Fruit,/m/09k_b,Lemon (plant),Orange (fruit),0.69283127784729,Tomato,0.5426987409591675,Watermelon,0.5302443504333496,Pomegranate,0.5136348009109497,Mango,0.5036725401878357
/m/02xwb,Fruit,/m/09qck,Banana,Pineapple,0.5968749523162842,Watermelon,0.5965961217880249,Grapefruit,0.5909177660942078,Mango,0.5878314971923828,Apple,0.5729882717132568
/m/02xwb,Fruit,/m/0cyhj_,Orange (fruit),Lemon (plant),0.69283127784729,Grapefruit,0.6050136685371399,Pineapple,0.537710964679718,Mango,0.5357268452644348,Strawberry,0.5167872905731201
/m/02xwb,Fruit,/m/0dj6p,Peach,Pear,0.7207410335540771,Grapefruit,0.6481793522834778,Pineapple,0.6375283002853394,Grape,0.6241708993911743,Pomegranate,0.5735667943954468
/m/02xwb,Fruit,/m/0fldg,Mango,Tomato,0.5970070958137512,Banana,0.5878314971923828,Watermelon,0.568850040435791,Apple,0.5614204406738281,Pineapple,0.5423277020454407
/m/02xwb,Fruit,/m/0fp6w,Pineapple,Grapefruit,0.6965740919113159,Apple,0.6748524308204651,Grape,0.6439951658248901,Peach,0.6375283002853394,Watermelon,0.6328691840171814
/m/02xwb,Fruit,/m/0hqkz,Grapefruit,Grape,0.8059567213058472,Pineapple,0.6965740919113159,Pomegranate,0.6647300124168396,Peach,0.6481793522834778,Strawberry,0.6302927136421204
/m/02xwb,Fruit,/m/0jwn_,Pomegranate,Watermelon,0.7075995206832886,Grapefruit,0.6647300124168396,Pineapple,0.625302791595459,Grape,0.612131655216217,Tomato,0.6049030423164368
/m/02xwb,Fruit,/m/0kpqd,Watermelon,Pomegranate,0.7075995206832886,Pineapple,0.6328691840171814,Grapefruit,0.6100224852561951,Banana,0.5965961217880249,Tomato,0.5739927291870117
/m/02xwb,Fruit,/m/0kpt_,Cantaloupe,Pineapple,0.4223077595233917,Watermelon,0.4118274450302124,Banana,0.38333988189697266,Grape,0.3800860643386841,Pomegranate,0.3667107820510864
/m/0hnyx,Pastry,/m/0jy4k,Doughnut,Tart,0.5587584376335144,Croissant,0.5237761735916138,,,,,,
/m/0hnyx,Pastry,/m/015wgc,Croissant,Doughnut,0.5237761735916138,Tart,0.5114806294441223,,,,,,
/m/0hnyx,Pastry,/m/02zvsm,Tart,Doughnut,0.5587584376335144,Croissant,0.5114806294441223,,,,,,
/m/0fbdv,Shellfish,/m/0_cp5,Oyster,Lobster,0.7183272838592529,Shrimp,0.5882644057273865,Crab,0.526160478591919,,,,
/m/0fbdv,Shellfish,/m/0cjq5,Lobster,Oyster,0.7183272838592529,Shrimp,0.6274341344833374,Crab,0.6175125241279602,,,,
/m/0fbdv,Shellfish,/m/0ll1f78,Shrimp,Crab,0.6688999533653259,Lobster,0.6274341344833374,Oyster,0.5882644057273865,,,,
/m/0fbdv,Shellfish,/m/0n28_,Crab,Shrimp,0.6688999533653259,Lobster,0.6175125241279602,Oyster,0.526160478591919,,,,
/m/0dv77,Squash (Plant),/m/05zsy,Pumpkin,Zucchini,0.5446639060974121,,,,,,,,
/m/0dv77,Squash (Plant),/m/027pcv,Zucchini,Pumpkin,0.5446639060974121,,,,,,,,
/m/0l515,Sandwich,/m/0cdn1,Hamburger,Submarine sandwich,0.5286744236946106,,,,,,,,
/m/0l515,Sandwich,/m/06pcq,Submarine sandwich,Hamburger,0.5286744236946106,,,,,,,,
/m/0284d,Dairy Product,/m/01nkt,Cheese,Milk,0.580951452255249,,,,,,,,
/m/0284d,Dairy Product,/m/04zpv,Milk,Cheese,0.580951452255249,,,,,,,,
/m/07j7r,Tree,/m/025nd,Christmas tree,Palm tree,0.7696536183357239,Maple,0.5028795003890991,Willow,0.4124913513660431,,,,
/m/07j7r,Tree,/m/0cdl1,Palm tree,Christmas tree,0.7696536183357239,Maple,0.5361249446868896,Willow,0.44276171922683716,,,,
/m/07j7r,Tree,/m/0cffdh,Maple,Palm tree,0.5361249446868896,Christmas tree,0.5028795003890991,Willow,0.38520410656929016,,,,
/m/07j7r,Tree,/m/0mw_6,Willow,Palm tree,0.44276171922683716,Christmas tree,0.4124913513660431,Maple,0.38520410656929016,,,,
/m/0c9ph5,Flower,/m/04gth,Lavender (Plant),Common sunflower,0.48279279470443726,Lily,0.475957453250885,Rose,0.4257466495037079,,,,
/m/0c9ph5,Flower,/m/06m11,Rose,Lily,0.5725536346435547,Lavender (Plant),0.4257466495037079,Common sunflower,0.39239975810050964,,,,
/m/0c9ph5,Flower,/m/0ftb8,Common sunflower,Lavender (Plant),0.48279279470443726,Lily,0.4259568750858307,Rose,0.39239975810050964,,,,
/m/0c9ph5,Flower,/m/0jqgx,Lily,Rose,0.5725536346435547,Lavender (Plant),0.475957453250885,Common sunflower,0.4259568750858307,,,,
/m/0k4j,Car,/m/01lcw4,Limousine,Van,0.5521332621574402,,,,,,,,
/m/0k4j,Car,/m/0h2r6,Van,Limousine,0.5521332621574402,,,,,,,,
/m/08dz3q,Auto part,/m/01jfm_,Vehicle registration plate,Seat belt,0.5874675512313843,Wheel,0.5168262124061584,Tire,0.46778416633605957,,,,
/m/08dz3q,Auto part,/m/083wq,Wheel,Tire,0.6248040199279785,Seat belt,0.6035001873970032,Vehicle registration plate,0.5168262124061584,,,,
/m/08dz3q,Auto part,/m/0dkzw,Seat belt,Wheel,0.6035001873970032,Vehicle registration plate,0.5874675512313843,Tire,0.582380473613739,,,,
/m/08dz3q,Auto part,/m/0h9mv,Tire,Wheel,0.6248040199279785,Seat belt,0.582380473613739,Vehicle registration plate,0.46778416633605957,,,,
/m/019jd,Boat,/m/01btn,Barge,Canoe,0.4924938976764679,Gondola,0.42986518144607544,,,,,,
/m/019jd,Boat,/m/02068x,Gondola,Canoe,0.5486317873001099,Barge,0.4298652410507202,,,,,,
/m/019jd,Boat,/m/0ph39,Canoe,Gondola,0.5486318469047546,Barge,0.4924938976764679,,,,,,
/m/0k5j,Aircraft,/m/09ct_,Helicopter,Fixed-wing aircraft,0.5856595635414124,Rocket,0.585413932800293,,,,,,
/m/0k5j,Aircraft,/m/0cmf2,Fixed-wing aircraft,Helicopter,0.5856595635414124,Rocket,0.44632989168167114,,,,,,
/m/0k5j,Aircraft,/m/09rvcxw,Rocket,Helicopter,0.585413932800293,Fixed-wing aircraft,0.44632989168167114,,,,,,
/m/02dl1y,Hat,/m/025rp__,Cowboy hat,Sun hat,0.7101772427558899,Sombrero,0.5138277411460876,Fedora,0.34209510684013367,,,,
/m/02dl1y,Hat,/m/02fq_6,Fedora,Sombrero,0.44270139932632446,Sun hat,0.37212955951690674,Cowboy hat,0.34209510684013367,,,,
/m/02dl1y,Hat,/m/02jfl0,Sombrero,Sun hat,0.5891762375831604,Cowboy hat,0.5138277411460876,Fedora,0.44270139932632446,,,,
/m/02dl1y,Hat,/m/02wbtzl,Sun hat,Cowboy hat,0.7101772427558899,Sombrero,0.5891762375831604,Fedora,0.37212955951690674,,,,
/m/02dl1y,Hat,/m/025rp__,Cowboy hat,Sun hat,0.7101772427558899,Sombrero,0.5138277411460876,Fedora,0.34209510684013367,,,,
/m/02dl1y,Hat,/m/02fq_6,Fedora,Sombrero,0.44270139932632446,Sun hat,0.37212955951690674,Cowboy hat,0.34209510684013367,,,,
/m/02dl1y,Hat,/m/02jfl0,Sombrero,Sun hat,0.5891762375831604,Cowboy hat,0.5138277411460876,Fedora,0.44270139932632446,,,,
/m/02dl1y,Hat,/m/02wbtzl,Sun hat,Cowboy hat,0.7101772427558899,Sombrero,0.5891762375831604,Fedora,0.37212955951690674,,,,
/m/09j5n,Footwear,/m/02p3w7d,Roller skates,High heels,0.6068621277809143,Boot,0.4518880844116211,Sandal,0.42247921228408813,,,,
/m/09j5n,Footwear,/m/01b638,Boot,High heels,0.4979008138179779,Roller skates,0.4518880844116211,Sandal,0.42438918352127075,,,,
/m/09j5n,Footwear,/m/06k2mb,High heels,Roller skates,0.6068621277809143,Sandal,0.5907940864562988,Boot,0.4979008138179779,,,,
/m/09j5n,Footwear,/m/03nfch,Sandal,High heels,0.5907940864562988,Boot,0.42438918352127075,Roller skates,0.42247921228408813,,,,
/m/0hf58v5,Luggage and bags,/m/01940j,Backpack,Handbag,0.6998385190963745,Suitcase,0.6426011323928833,Briefcase,0.6071617007255554,,,,
/m/0hf58v5,Luggage and bags,/m/01s55n,Suitcase,Briefcase,0.7250641584396362,Backpack,0.6426011323928833,Handbag,0.5926762819290161,,,,
/m/0hf58v5,Luggage and bags,/m/0584n8,Briefcase,Suitcase,0.7250641584396362,Backpack,0.6071617007255554,Handbag,0.5465506315231323,,,,
/m/0hf58v5,Luggage and bags,/m/080hkjn,Handbag,Backpack,0.6998385190963745,Suitcase,0.5926762819290161,Briefcase,0.5465506315231323,,,,
/m/0zvk5,Helmet,/m/03p3bw,Bicycle helmet,Football helmet,0.7517296075820923,,,,,,,,
/m/0zvk5,Helmet,/m/07qxg_,Football helmet,Bicycle helmet,0.7517296075820923,,,,,,,,
/m/015p6,Bird,/m/012074,Magpie,Sparrow,0.5083128213882446,Woodpecker,0.4922603368759155,Eagle,0.4745306968688965,Owl,0.46809467673301697,Parrot,0.4610951542854309
/m/015p6,Bird,/m/01dy8n,Woodpecker,Duck,0.5087339878082275,Chicken,0.5082269906997681,Penguin,0.50551438331604,Magpie,0.4922603368759155,Parrot,0.45155879855155945
/m/015p6,Bird,/m/01f8m5,Blue jay,Eagle,0.448320209980011,Duck,0.44452324509620667,Parrot,0.41912826895713806,Owl,0.4137309789657593,Swan,0.4039517045021057
/m/015p6,Bird,/m/05n4y,Ostrich,Owl,0.4418547749519348,Turkey,0.4140107035636902,Canary,0.3914117217063904,Parrot,0.3786065876483917,Chicken,0.3668983578681946
/m/015p6,Bird,/m/05z6w,Penguin,Chicken,0.538719892501831,Raven,0.5276349782943726,Owl,0.5097694396972656,Duck,0.507308840751648,Woodpecker,0.50551438331604
/m/015p6,Bird,/m/06j2d,Raven,Falcon,0.542321503162384,Sparrow,0.5370440483093262,Penguin,0.5276349782943726,Swan,0.5219869613647461,Eagle,0.5210577845573425
/m/015p6,Bird,/m/09b5t,Chicken,Parrot,0.5822486877441406,Owl,0.5801383256912231,Turkey,0.5799266695976257,Eagle,0.5651953816413879,Canary,0.5459900498390198
/m/015p6,Bird,/m/09csl,Eagle,Owl,0.5908294916152954,Chicken,0.5651953816413879,Falcon,0.5530076026916504,Sparrow,0.5404856204986572,Parrot,0.5270590782165527
/m/015p6,Bird,/m/09d5_,Owl,Eagle,0.5908294916152954,Parrot,0.5824432373046875,Chicken,0.5801383256912231,Swan,0.5182691812515259,Penguin,0.5097694396972656
/m/015p6,Bird,/m/09ddx,Duck,Parrot,0.5334344506263733,Chicken,0.5297163724899292,Goose,0.5093746185302734,Woodpecker,0.5087339878082275,Penguin,0.507308840751648
/m/015p6,Bird,/m/0ccs93,Canary,Chicken,0.5459900498390198,Penguin,0.504043698310852,Swan,0.4921075701713562,Turkey,0.47865644097328186,Falcon,0.4522858262062073
/m/015p6,Bird,/m/0dbvp,Goose,Parrot,0.5100741386413574,Duck,0.5093746185302734,Eagle,0.48084208369255066,Owl,0.4748842120170593,Magpie,0.4593467712402344
/m/015p6,Bird,/m/0dftk,Swan,Sparrow,0.5489916801452637,Raven,0.5219869613647461,Chicken,0.518958330154419,Owl,0.5182691812515259,Eagle,0.49617016315460205
/m/015p6,Bird,/m/0f6wt,Falcon,Eagle,0.5530076026916504,Raven,0.542321503162384,Chicken,0.5135268568992615,Sparrow,0.5112079381942749,Parrot,0.5048364400863647
/m/015p6,Bird,/m/0gv1x,Parrot,Sparrow,0.6883618235588074,Owl,0.5824432373046875,Chicken,0.5822486877441406,Duck,0.5334344506263733,Eagle,0.5270590782165527
/m/015p6,Bird,/m/0h23m,Sparrow,Parrot,0.6883618831634521,Swan,0.5489916801452637,Eagle,0.5404856204986572,Chicken,0.5379037857055664,Raven,0.5370440483093262
/m/015p6,Bird,/m/0jly1,Turkey,Chicken,0.5799266695976257,Canary,0.47865644097328186,Duck,0.47166723012924194,Owl,0.46435654163360596,Parrot,0.43011870980262756
/m/03hl4l9,Marine invertebrates,/m/01h8tj,Starfish,Jellyfish,0.7299296855926514,Shrimp,0.589119553565979,Lobster,0.5591702461242676,Squid,0.5530741810798645,Crab,0.4990875720977783
/m/03hl4l9,Marine invertebrates,/m/035vxb,Isopod,Squid,0.5428977608680725,Crab,0.46092337369918823,Shrimp,0.4372381567955017,Lobster,0.42150798439979553,Starfish,0.38533544540405273
/m/03hl4l9,Marine invertebrates,/m/09gys,Squid,Shrimp,0.6453619003295898,Crab,0.6208152770996094,Lobster,0.5543038845062256,Starfish,0.5530741810798645,Isopod,0.5428977608680725
/m/03hl4l9,Marine invertebrates,/m/0cjq5,Lobster,Shrimp,0.6274341344833374,Crab,0.6175125241279602,Starfish,0.5591702461242676,Squid,0.5543038845062256,Jellyfish,0.4934151768684387
/m/03hl4l9,Marine invertebrates,/m/0d8zb,Jellyfish,Starfish,0.7299296855926514,Shrimp,0.5580500364303589,Squid,0.5256974697113037,Lobster,0.4934151768684387,Crab,0.45530638098716736
/m/03hl4l9,Marine invertebrates,/m/0ll1f78,Shrimp,Crab,0.6688999533653259,Squid,0.6453619003295898,Lobster,0.6274341344833374,Starfish,0.589119553565979,Jellyfish,0.5580500364303589
/m/03hl4l9,Marine invertebrates,/m/0n28_,Crab,Shrimp,0.6688999533653259,Squid,0.6208152770996094,Lobster,0.617512583732605,Starfish,0.4990876019001007,Isopod,0.46092337369918823
/m/0d_2m,Moths and butterflies,/m/0cydv,Caterpillar,Butterfly,0.5260348916053772,,,,,,,,
/m/0d_2m,Moths and butterflies,/m/0cyf8,Butterfly,Caterpillar,0.526034951210022,,,,,,,,
/m/01dws,Bear,/m/01dxs,Brown bear,Polar bear,0.7411399483680725,Teddy bear,0.679654598236084,Panda,0.5091371536254883,,,,
/m/01dws,Bear,/m/03bj1,Panda,Teddy bear,0.5226740837097168,Brown bear,0.5091371536254883,Polar bear,0.4981074035167694,,,,
/m/01dws,Bear,/m/0633h,Polar bear,Brown bear,0.7411399483680725,Teddy bear,0.6793117523193359,Panda,0.4981074035167694,,,,
/m/01dws,Bear,/m/0kmg4,Teddy bear,Brown bear,0.679654598236084,Polar bear,0.6793117523193359,Panda,0.5226740837097168,,,,
/m/0gd2v,Marine mammal,/m/02hj4,Dolphin,Whale,0.5724740624427795,Sea lion,0.5202863812446594,Harbor seal,0.4027472734451294,,,,
/m/0gd2v,Marine mammal,/m/084zz,Whale,Dolphin,0.5724740624427795,Sea lion,0.5516862869262695,Harbor seal,0.505098819732666,,,,
/m/0gd2v,Marine mammal,/m/0gd36,Sea lion,Harbor seal,0.6036643981933594,Whale,0.5516862869262695,Dolphin,0.5202863812446594,,,,
/m/0gd2v,Marine mammal,/m/02l8p9,Harbor seal,Sea lion,0.6036643981933594,Whale,0.505098819732666,Dolphin,0.4027472734451294,,,,
/m/09dzg,Turtle,/m/011k07,Tortoise,Sea turtle,0.5238388776779175,,,,,,,,
/m/09dzg,Turtle,/m/0120dh,Sea turtle,Tortoise,0.5238388776779175,,,,,,,,
/m/0ch_cf,Fish,/m/03fj2,Goldfish,Shark,0.5066134333610535,Seahorse,0.4325462579727173,Rays and skates,0.3582085371017456,,,,
/m/0ch_cf,Fish,/m/0by6g,Shark,Seahorse,0.5420374870300293,Goldfish,0.5066134333610535,Rays and skates,0.4356333613395691,,,,
/m/0ch_cf,Fish,/m/0m53l,Rays and skates,Shark,0.4356333613395691,Seahorse,0.3856238126754761,Goldfish,0.3582085371017456,,,,
/m/0ch_cf,Fish,/m/0nybt,Seahorse,Shark,0.5420374870300293,Goldfish,0.4325462579727173,Rays and skates,0.3856238126754761,,,,
/m/0fbdv,Shellfish,/m/0_cp5,Oyster,Lobster,0.7183272838592529,Shrimp,0.5882644057273865,Crab,0.526160478591919,,,,
/m/0fbdv,Shellfish,/m/0cjq5,Lobster,Oyster,0.7183272838592529,Shrimp,0.6274341344833374,Crab,0.6175125241279602,,,,
/m/0fbdv,Shellfish,/m/0ll1f78,Shrimp,Crab,0.6688999533653259,Lobster,0.6274341344833374,Oyster,0.5882644057273865,,,,
/m/0fbdv,Shellfish,/m/0n28_,Crab,Shrimp,0.6688999533653259,Lobster,0.6175125241279602,Oyster,0.526160478591919,,,,
/m/014trl,Cosmetics,/m/02xb7qb,Face powder,Hair spray,0.5722823143005371,Lipstick,0.49707111716270447,Perfume,0.48110896348953247,,,,
/m/014trl,Cosmetics,/m/05w9t9,Hair spray,Face powder,0.5722823143005371,Lipstick,0.5352691411972046,Perfume,0.5007656812667847,,,,
/m/014trl,Cosmetics,/m/06c7f7,Lipstick,Perfume,0.6100366115570068,Hair spray,0.5352691411972046,Face powder,0.49707111716270447,,,,
/m/014trl,Cosmetics,/m/0p833,Perfume,Lipstick,0.6100366115570068,Hair spray,0.5007656812667847,Face powder,0.48110896348953247,,,,
/m/02w3_ws,Personal care,/m/012xff,Toothbrush,Goggles,0.5718156099319458,Sunglasses,0.5704236626625061,Wheelchair,0.5632802248001099,Glasses,0.5497426390647888,Crutch,0.5072585344314575
/m/02w3_ws,Personal care,/m/017ftj,Sunglasses,Glasses,0.8600725531578064,Goggles,0.8429242968559265,Wheelchair,0.5859470367431641,Toothbrush,0.5704236626625061,Diaper,0.5266797542572021
/m/02w3_ws,Personal care,/m/02_n6y,Goggles,Sunglasses,0.8429242968559265,Glasses,0.8126417994499207,Toothbrush,0.5718156099319458,Wheelchair,0.5505691766738892,Cream,0.4666682183742523
/m/02w3_ws,Personal care,/m/05441v,Crutch,Toothbrush,0.5072585344314575,Wheelchair,0.49085038900375366,Goggles,0.4634650647640228,Glasses,0.4606136381626129,Sunglasses,0.4507291615009308
/m/02w3_ws,Personal care,/m/08p92x,Cream,Glasses,0.5314456224441528,Sunglasses,0.47963905334472656,Diaper,0.4734348654747009,Goggles,0.4666682183742523,Toothbrush,0.466347336769104
/m/02w3_ws,Personal care,/m/0f571,Diaper,Glasses,0.5271792411804199,Sunglasses,0.5266797542572021,Wheelchair,0.526355504989624,Toothbrush,0.5009254813194275,Cream,0.4734348654747009
/m/02w3_ws,Personal care,/m/0jyfg,Glasses,Sunglasses,0.8600725531578064,Goggles,0.8126418590545654,Wheelchair,0.5653250217437744,Toothbrush,0.5497426390647888,Cream,0.5314456224441528
/m/02w3_ws,Personal care,/m/0qmmr,Wheelchair,Sunglasses,0.5859470367431641,Glasses,0.5653250217437744,Toothbrush,0.5632802248001099,Goggles,0.5505691766738892,Diaper,0.526355504989624
/m/01xgg_,Medical equipment,/m/012ysf,Syringe,Stethoscope,0.5465859174728394,Band-aid,0.5180440545082092,Stretcher,0.4636653959751129,,,,
/m/01xgg_,Medical equipment,/m/02lbcq,Stretcher,Stethoscope,0.5645902752876282,Syringe,0.4636653959751129,Band-aid,0.4627395570278168,,,,
/m/01xgg_,Medical equipment,/m/073g6,Stethoscope,Stretcher,0.5645902752876282,Syringe,0.5465859174728394,Band-aid,0.5263162851333618,,,,
/m/01xgg_,Medical equipment,/m/0j496,Band-aid,Stethoscope,0.5263162851333618,Syringe,0.5180440545082092,Stretcher,0.4627395570278168,,,,
/m/04szw,Musical instrument,/m/013y1f,Organ (Musical Instrument),Violin,0.6286108493804932,Piano,0.6000254154205322,Saxophone,0.5864594578742981,Cello,0.5831262469291687,Musical keyboard,0.5778157711029053
/m/04szw,Musical instrument,/m/018j2,Banjo,Cello,0.6316832304000854,Piano,0.6270508766174316,Saxophone,0.6043557524681091,Violin,0.5815016031265259,Guitar,0.5665016174316406
/m/04szw,Musical instrument,/m/01xqw,Cello,Violin,0.7642104029655457,Piano,0.7546267509460449,Saxophone,0.7329522371292114,Guitar,0.7039648294448853,Banjo,0.6316832304000854
/m/04szw,Musical instrument,/m/026t6,Drum,Piano,0.6453408598899841,Guitar,0.6313272714614868,Flute,0.6238414645195007,Trumpet,0.6219213008880615,Violin,0.6004709005355835
/m/04szw,Musical instrument,/m/0319l,French horn,Harp,0.5466868877410889,Violin,0.5288045406341553,Harpsichord,0.5244469046592712,Saxophone,0.5237648487091064,Musical keyboard,0.5192601680755615
/m/04szw,Musical instrument,/m/0342h,Guitar,Piano,0.7357285022735596,Violin,0.733063280582428,Cello,0.7039648294448853,Saxophone,0.6812917590141296,Musical keyboard,0.6783637404441833
/m/04szw,Musical instrument,/m/03m5k,Harp,Harpsichord,0.6928069591522217,Trumpet,0.5827869772911072,Guitar,0.5560405850410461,Saxophone,0.5532208681106567,Cello,0.5511698722839355
/m/04szw,Musical instrument,/m/03q5t,Harpsichord,Harp,0.6928069591522217,Saxophone,0.6008689999580383,Accordion,0.6004567742347717,Violin,0.5857987403869629,Guitar,0.5821782350540161
/m/04szw,Musical instrument,/m/03qjg,Harmonica,Piano,0.5577186346054077,Violin,0.5555797815322876,Accordion,0.5495433807373047,Harp,0.5475440621376038,Trombone,0.5389788746833801
/m/04szw,Musical instrument,/m/057cc,Musical keyboard,Piano,0.7136887907981873,Guitar,0.6783637404441833,Violin,0.6661210060119629,Cello,0.6208294630050659,Drum,0.5981333255767822
/m/04szw,Musical instrument,/m/05kms,Oboe,Cello,0.5229829549789429,Trombone,0.5094782114028931,Banjo,0.5082611441612244,Piano,0.4998108446598053,Saxophone,0.49817144870758057
/m/04szw,Musical instrument,/m/05r5c,Piano,Violin,0.7573221921920776,Cello,0.7546267509460449,Guitar,0.7357285022735596,Saxophone,0.7221193909645081,Musical keyboard,0.7136887907981873
/m/04szw,Musical instrument,/m/06ncr,Saxophone,Cello,0.7329522371292114,Violin,0.7249332070350647,Piano,0.7221193909645081,Guitar,0.6812917590141296,Trumpet,0.6136205196380615
/m/04szw,Musical instrument,/m/07c6l,Trombone,Saxophone,0.6090242862701416,Cello,0.6079262495040894,Piano,0.6050989031791687,Violin,0.6037551164627075,Flute,0.600757360458374
/m/04szw,Musical instrument,/m/07gql,Trumpet,Violin,0.6552809476852417,Guitar,0.6331195831298828,Piano,0.631393551826477,Flute,0.6269774436950684,Drum,0.6219213008880615
/m/04szw,Musical instrument,/m/07y_7,Violin,Cello,0.7642104029655457,Piano,0.7573221921920776,Guitar,0.733063280582428,Saxophone,0.7249332070350647,Flute,0.6781765222549438
/m/04szw,Musical instrument,/m/0f8s22,Chime,Flute,0.5184628367424011,Trumpet,0.48909908533096313,Oboe,0.48483461141586304,Trombone,0.4783211946487427,Cello,0.4770221412181854
/m/04szw,Musical instrument,/m/0l14j_,Flute,Violin,0.6781765222549438,Trumpet,0.6269774436950684,Drum,0.6238414645195007,Cello,0.617444634437561,Piano,0.6073522567749023
/m/04szw,Musical instrument,/m/0mkg,Accordion,Harpsichord,0.6004567742347717,Violin,0.568109393119812,Piano,0.5583739280700684,Guitar,0.5522571802139282,Cello,0.5517278909683228
/m/04szw,Musical instrument,/m/0xzly,Maraca,Harmonica,0.49523186683654785,Cello,0.4066585898399353,Harpsichord,0.39899688959121704,Trumpet,0.3987048864364624,Saxophone,0.39253032207489014
/m/018xm,Ball (Object),/m/01226z,Football,Rugby ball,0.6632635593414307,Cricket ball,0.626019299030304,Tennis ball,0.5693793296813965,Volleyball (Ball),0.540843665599823,,
/m/018xm,Ball (Object),/m/02ctlc,Cricket ball,Rugby ball,0.7882883548736572,Tennis ball,0.7555986046791077,Football,0.626019299030304,Volleyball (Ball),0.4797820448875427,,
/m/018xm,Ball (Object),/m/02rgn06,Volleyball (Ball),Tennis ball,0.581616997718811,Football,0.540843665599823,Rugby ball,0.5352336168289185,Cricket ball,0.4797820448875427,,
/m/018xm,Ball (Object),/m/05ctyq,Tennis ball,Cricket ball,0.7555986046791077,Rugby ball,0.7258329391479492,Volleyball (Ball),0.581616997718811,Football,0.5693793296813965,,
/m/018xm,Ball (Object),/m/0wdt60w,Rugby ball,Cricket ball,0.7882883548736572,Tennis ball,0.7258329391479492,Football,0.6632635593414307,Volleyball (Ball),0.5352336168289185,,
/m/0dv9c,Racket,/m/0h8my_4,Tennis racket,Table tennis racket,0.9214935302734375,,,,,,,,
/m/0dv9c,Racket,/m/05_5p_0,Table tennis racket,Tennis racket,0.9214935898780823,,,,,,,,
/m/0zvk5,Helmet,/m/03p3bw,Bicycle helmet,Football helmet,0.7517296075820923,,,,,,,,
/m/0zvk5,Helmet,/m/07qxg_,Football helmet,Bicycle helmet,0.7517296075820923,,,,,,,,
/m/011q46kg,Container,/m/02jnhm,Tin can,Picnic basket,0.5918759107589722,Waste container,0.5841047167778015,Bottle,0.5225049257278442,Beaker,0.457956999540329,Barrel,0.45266395807266235
/m/011q46kg,Container,/m/02zn6n,Barrel,Bottle,0.6995017528533936,Waste container,0.54754638671875,Picnic basket,0.5333048701286316,Beaker,0.5237001180648804,Jug,0.4648358225822449
/m/011q46kg,Container,/m/04dr76w,Bottle,Barrel,0.6995017528533936,Beaker,0.5618994832038879,Picnic basket,0.548839807510376,Waste container,0.5424944758415222,Tin can,0.5225049257278442
/m/011q46kg,Container,/m/07kng9,Picnic basket,Waste container,0.6143009662628174,Tin can,0.5918759107589722,Bottle,0.548839807510376,Barrel,0.5333048701286316,Beaker,0.45908820629119873
/m/011q46kg,Container,/m/08hvt4,Jug,Barrel,0.4648358225822449,Waste container,0.45086929202079773,Beaker,0.4341144561767578,Tin can,0.4196355938911438,Flowerpot,0.407304048538208
/m/011q46kg,Container,/m/0bjyj5,Waste container,Picnic basket,0.6143009662628174,Tin can,0.5841047167778015,Barrel,0.54754638671875,Bottle,0.5424944758415222,Beaker,0.4876962900161743
/m/011q46kg,Container,/m/0d20w4,Beaker,Bottle,0.5618994832038879,Barrel,0.5237001180648804,Waste container,0.48769626021385193,Picnic basket,0.45908820629119873,Tin can,0.457956999540329
/m/011q46kg,Container,/m/0fm3zh,Flowerpot,Bottle,0.516431450843811,Barrel,0.44665417075157166,Picnic basket,0.4418463110923767,Beaker,0.43963193893432617,Tin can,0.42855095863342285
/m/03hlz0c,Kitchen utensil,/m/01_5g,Chopsticks,Whisk,0.5894169807434082,Cutting board,0.5807355642318726,Knife,0.5629638433456421,Spoon,0.5611612200737,Spatula,0.534273624420166
/m/03hlz0c,Kitchen utensil,/m/027rl48,Ladle,Fork,0.45032525062561035,Knife,0.44656431674957275,Spatula,0.4362073540687561,Whisk,0.4147111177444458,Bottle opener,0.4107804000377655
/m/03hlz0c,Kitchen utensil,/m/02d1br,Spatula,Spoon,0.658685564994812,Knife,0.6162630915641785,Cutting board,0.5927632451057434,Pizza cutter,0.5649805068969727,Chopsticks,0.534273624420166
/m/03hlz0c,Kitchen utensil,/m/02mqfb,Can opener,Bottle opener,0.6559803485870361,Pizza cutter,0.4231484532356262,Measuring cup,0.41345587372779846,Cutting board,0.40956252813339233,Drinking straw,0.39345306158065796
/m/03hlz0c,Kitchen utensil,/m/02pdsw,Cutting board,Pizza cutter,0.7128597497940063,Measuring cup,0.622795581817627,Knife,0.6022597551345825,Spatula,0.5927632451057434,Chopsticks,0.5807355642318726
/m/03hlz0c,Kitchen utensil,/m/02vwcm,Whisk,Chopsticks,0.5894169807434082,Fork,0.5219354629516602,Spoon,0.518818736076355,Knife,0.5181710720062256,Drinking straw,0.5051395297050476
/m/03hlz0c,Kitchen utensil,/m/03v5tg,Drinking straw,Measuring cup,0.6425439119338989,Bottle opener,0.5888152122497559,Cutting board,0.571045994758606,Spoon,0.5665377974510193,Spatula,0.5228811502456665
/m/03hlz0c,Kitchen utensil,/m/04ctx,Knife,Spoon,0.6315356492996216,Spatula,0.6162630915641785,Cutting board,0.6022597551345825,Fork,0.5951507687568665,Chopsticks,0.5629638433456421
/m/03hlz0c,Kitchen utensil,/m/04f5ws,Bottle opener,Can opener,0.6559803485870361,Measuring cup,0.5932033061981201,Drinking straw,0.5888152122497559,Cutting board,0.5149754881858826,Spatula,0.5111085176467896
/m/03hlz0c,Kitchen utensil,/m/07v9_z,Measuring cup,Drinking straw,0.6425439119338989,Cutting board,0.622795581817627,Pizza cutter,0.5933753252029419,Bottle opener,0.5932033061981201,Spatula,0.5046277046203613
/m/03hlz0c,Kitchen utensil,/m/08ks85,Pizza cutter,Cutting board,0.7128597497940063,Measuring cup,0.5933753252029419,Spatula,0.5649805068969727,Knife,0.5298959016799927,Chopsticks,0.4938634932041168
/m/03hlz0c,Kitchen utensil,/m/0cmx8,Spoon,Spatula,0.658685564994812,Knife,0.6315356492996216,Drinking straw,0.5665377974510193,Chopsticks,0.5611612200737,Cutting board,0.5581264495849609
/m/03hlz0c,Kitchen utensil,/m/0dt3t,Fork,Knife,0.5951507687568665,Cutting board,0.5371288061141968,Spoon,0.536687970161438,Chopsticks,0.5334706902503967,Spatula,0.5256895422935486
/m/083kb,Weapon,/m/01g3x7,Bow and arrow,Sword,0.5909028053283691,Knife,0.5824260711669922,Rifle,0.5755538940429688,Handgun,0.5596375465393066,Dagger,0.5539462566375732
/m/083kb,Weapon,/m/020kz,Cannon,Handgun,0.5725077390670776,Rifle,0.5508286356925964,Shotgun,0.5467870831489563,Knife,0.5442944169044495,Missile,0.5365415811538696
/m/083kb,Weapon,/m/02gzp,Dagger,Handgun,0.667231559753418,Shotgun,0.6311997175216675,Sword,0.6193492412567139,Knife,0.6082232594490051,Rifle,0.5827805995941162
/m/083kb,Weapon,/m/04ctx,Knife,Rifle,0.7112797498703003,Sword,0.687872052192688,Handgun,0.6224523782730103,Dagger,0.6082232594490051,Shotgun,0.6027178764343262
/m/083kb,Weapon,/m/06c54,Rifle,Missile,0.7568845152854919,Shotgun,0.7521101236343384,Handgun,0.727707028388977,Knife,0.7112797498703003,Sword,0.6652723550796509
/m/083kb,Weapon,/m/06nrc,Shotgun,Handgun,0.8213270902633667,Rifle,0.7521101236343384,Missile,0.67472904920578,Sword,0.6394281983375549,Dagger,0.6311997175216675
/m/083kb,Weapon,/m/07cmd,Tank,Rifle,0.5913008451461792,Handgun,0.5897826552391052,Missile,0.5834638476371765,Bomb,0.581813395023346,Shotgun,0.57148277759552
/m/083kb,Weapon,/m/0c2jj,Axe,Rifle,0.6086536645889282,Knife,0.5932436585426331,Missile,0.5746724605560303,Sword,0.5583310723304749,Shotgun,0.5393476486206055
/m/083kb,Weapon,/m/0gxl3,Handgun,Shotgun,0.8213270902633667,Rifle,0.727707028388977,Dagger,0.667231559753418,Sword,0.6353210210800171,Missile,0.6226028203964233
/m/083kb,Weapon,/m/06y5r,Sword,Knife,0.687872052192688,Rifle,0.6652723550796509,Shotgun,0.6394281983375549,Handgun,0.6353210210800171,Dagger,0.6193492412567139
/m/083kb,Weapon,/m/04ylt,Missile,Rifle,0.7568845152854919,Shotgun,0.67472904920578,Bomb,0.6348702907562256,Handgun,0.6226028203964233,Sword,0.5903933048248291
/m/083kb,Weapon,/m/0ct4f,Bomb,Missile,0.6348702907562256,Tank,0.581813395023346,Shotgun,0.5480579137802124,Rifle,0.5418683290481567,Cannon,0.5295127034187317
/m/07cx4,Telephone,/m/050k8,Mobile phone,Corded phone,0.7667375802993774,,,,,,,,
/m/07cx4,Telephone,/m/0h8lkj8,Corded phone,Mobile phone,0.766737699508667,,,,,,,,
/m/0271t,Drink,/m/01599,Beer,Tea,0.6382129788398743,Wine,0.6074084043502808,Cocktail,0.5695114135742188,Juice,0.5081685185432434,Coffee (drink),0.493243008852005
/m/0271t,Drink,/m/024g6,Cocktail,Tea,0.6311156749725342,Beer,0.5695114135742188,Wine,0.5682305693626404,Juice,0.5595161318778992,Coffee (drink),0.5481834411621094
/m/0271t,Drink,/m/02vqfm,Coffee (drink),Tea,0.6327514052391052,Cocktail,0.5481834411621094,Beer,0.493243008852005,Wine,0.47354838252067566,Juice,0.46232348680496216
/m/0271t,Drink,/m/01z1kdw,Juice,Cocktail,0.5595161318778992,Wine,0.5339383482933044,Tea,0.5337355136871338,Beer,0.5081685185432434,Coffee (drink),0.46232348680496216
/m/0271t,Drink,/m/07clx,Tea,Beer,0.6382129788398743,Coffee (drink),0.6327514052391052,Cocktail,0.6311156749725342,Wine,0.5992697477340698,Juice,0.5337355136871338
/m/0271t,Drink,/m/081qc,Wine,Beer,0.6074084043502808,Tea,0.5992697477340698,Cocktail,0.5682305693626404,Juice,0.5339383482933044,Coffee (drink),0.47354838252067566
/m/02p0tk3,Human body,/m/014sv8,Human eye,Human face,0.8611117601394653,Human head,0.8124302625656128,Human ear,0.7957192063331604,Human hand,0.7937972545623779,Human mouth,0.7870151400566101
/m/02p0tk3,Human body,/m/016m2d,Skull,Human head,0.5749512910842896,Beard,0.5608176589012146,Human face,0.5607813000679016,Human hair,0.5606858730316162,Human hand,0.5467846393585205
/m/02p0tk3,Human body,/m/04hgtk,Human head,Human face,0.8528878688812256,Human eye,0.8124302625656128,Human hair,0.811574399471283,Human hand,0.8002158403396606,Human ear,0.7782652378082275
/m/02p0tk3,Human body,/m/0dzct,Human face,Human eye,0.8611117601394653,Human head,0.8528878688812256,Human hand,0.8269267082214355,Human hair,0.7897839546203613,Human mouth,0.7796488404273987
/m/02p0tk3,Human body,/m/0283dt1,Human mouth,Human nose,0.8081644773483276,Human ear,0.7874248027801514,Human eye,0.7870151400566101,Human face,0.7796488404273987,Human hand,0.7721960544586182
/m/02p0tk3,Human body,/m/039xj_,Human ear,Human eye,0.7957192063331604,Human nose,0.7890058755874634,Human mouth,0.7874248027801514,Human head,0.7782652378082275,Human hand,0.7466323375701904
/m/02p0tk3,Human body,/m/0k0pj,Human nose,Human mouth,0.8081644773483276,Human ear,0.7890058755874634,Human eye,0.7811868786811829,Human face,0.7666444182395935,Human head,0.7533313035964966
/m/02p0tk3,Human body,/m/03q69,Human hair,Human head,0.811574399471283,Human face,0.7897839546203613,Human eye,0.7618584036827087,Human hand,0.7516940236091614,Human ear,0.7360121011734009
/m/02p0tk3,Human body,/m/0k65p,Human hand,Human arm,0.8564349412918091,Human face,0.8269267082214355,Human foot,0.8210285902023315,Human head,0.8002158403396606,Human leg,0.7954400777816772
/m/02p0tk3,Human body,/m/031n1,Human foot,Human leg,0.8986093997955322,Human hand,0.8210285902023315,Human eye,0.7789903283119202,Human face,0.7702865600585938,Human head,0.7503945231437683
/m/02p0tk3,Human body,/m/0dzf4,Human arm,Human hand,0.8564349412918091,Human leg,0.7704825401306152,Human eye,0.7387521266937256,Human face,0.7309244275093079,Human head,0.7285709977149963
/m/02p0tk3,Human body,/m/035r7c,Human leg,Human foot,0.8986093997955322,Human hand,0.7954400777816772,Human arm,0.7704825401306152,Human eye,0.7645174264907837,Human head,0.7642632722854614
/m/02p0tk3,Human body,/m/015h_t,Beard,Human hair,0.649014949798584,Human head,0.5750672221183777,Skull,0.5608177185058594,Human face,0.5470024347305298,Human eye,0.5428915023803711
/m/08dz3q,Auto part,/m/01jfm_,Vehicle registration plate,Seat belt,0.5874675512313843,Wheel,0.5168262124061584,Tire,0.46778416633605957,,,,
/m/08dz3q,Auto part,/m/083wq,Wheel,Tire,0.6248040199279785,Seat belt,0.6035001873970032,Vehicle registration plate,0.5168262124061584,,,,
/m/08dz3q,Auto part,/m/0dkzw,Seat belt,Wheel,0.6035001873970032,Vehicle registration plate,0.5874675512313843,Tire,0.582380473613739,,,,
/m/08dz3q,Auto part,/m/0h9mv,Tire,Wheel,0.6248040199279785,Seat belt,0.582380473613739,Vehicle registration plate,0.46778416633605957,,,,
