CategoryLabelName,CategoryTextName,LabelName,TextName,Top1Name,Top1Cosine
/m/0138tl,Toy,/m/0167gd,Doll,Balloon,0.5293357372283936
/m/0138tl,Toy,/m/01j51,Balloon,Flying disc,0.5340421199798584
/m/0138tl,Toy,/m/029b3,Dice,Kite,0.4908313751220703
/m/0138tl,Toy,/m/02wmf,Flying disc,Balloon,0.5340421199798584
/m/0138tl,Toy,/m/02zt3,Kite,Dice,0.4908313751220703
/m/0138tl,Toy,/m/0kmg4,Teddy bear,Doll,0.49923038482666016
/m/019dx1,Home appliance,/m/0174k2,Washing machine,Sewing machine,0.8303817510604858
/m/019dx1,Home appliance,/m/01k6s3,Toaster,Heater,0.644699215888977
/m/019dx1,Home appliance,/m/029bxz,Oven,Microwave oven,0.7264291048049927
/m/019dx1,Home appliance,/m/02pjr4,Blender,Mixer,0.6959435343742371
/m/019dx1,Home appliance,/m/02wv84t,Gas stove,Wood-burning stove,0.7903972864151001
/m/019dx1,Home appliance,/m/02x984l,Mechanical fan,Ceiling fan,0.771260142326355
/m/019dx1,Home appliance,/m/03qhv5,Heater,Mixer,0.7002164125442505
/m/019dx1,Home appliance,/m/03s_tn,Kettle,Heater,0.6554902791976929
/m/019dx1,Home appliance,/m/03wvsk,Hair dryer,Hand dryer,0.8417825102806091
/m/019dx1,Home appliance,/m/040b_t,Refrigerator,Heater,0.6893760561943054
/m/019dx1,Home appliance,/m/04169hn,Wood-burning stove,Gas stove,0.7903972864151001
/m/019dx1,Home appliance,/m/04lvq_,Humidifier,Heater,0.6361083984375
/m/019dx1,Home appliance,/m/063rgb,Mixer,Heater,0.7002164125442505
/m/019dx1,Home appliance,/m/07xyvk,Coffeemaker,Mixer,0.595204770565033
/m/019dx1,Home appliance,/m/0fx9l,Microwave oven,Oven,0.7264291048049927
/m/019dx1,Home appliance,/m/0ky7b,Dishwasher,Washing machine,0.7974499464035034
/m/019dx1,Home appliance,/m/0llzx,Sewing machine,Washing machine,0.8303817510604858
/m/019dx1,Home appliance,/m/0c3m8g,Hand dryer,Hair dryer,0.8417825102806091
/m/019dx1,Home appliance,/m/03ldnb,Ceiling fan,Mechanical fan,0.7712600827217102
/m/02pkr5,Plumbing fixture,/m/0130jx,Sink,Shower,0.5807799100875854
/m/02pkr5,Plumbing fixture,/m/01vbnl,Bidet,Bathtub,0.691327691078186
/m/02pkr5,Plumbing fixture,/m/02f9f_,Shower,Bathtub,0.6390394568443298
/m/02pkr5,Plumbing fixture,/m/02jz0l,Tap,Toilet,0.5564484596252441
/m/02pkr5,Plumbing fixture,/m/03dnzn,Bathtub,Toilet,0.7023617029190063
/m/02pkr5,Plumbing fixture,/m/09g1w,Toilet,Bathtub,0.7023617029190063
/m/02rdsp,Office supplies,/m/01lsmm,Scissors,Eraser,0.6692306995391846
/m/02rdsp,Office supplies,/m/01n5jq,Poster,Adhesive tape,0.5787914395332336
/m/02rdsp,Office supplies,/m/024d2,Calculator,Paper cutter,0.5934429168701172
/m/02rdsp,Office supplies,/m/025dyy,Box,Envelope,0.5867466926574707
/m/02rdsp,Office supplies,/m/025fsf,Stapler,Poster,0.523431658744812
/m/02rdsp,Office supplies,/m/02d9qx,Whiteboard,Toilet paper,0.530310332775116
/m/02rdsp,Office supplies,/m/02ddwp,Pencil sharpener,Pencil case,0.690211296081543
/m/02rdsp,Office supplies,/m/02fh7f,Eraser,Scissors,0.6692306995391846
/m/02rdsp,Office supplies,/m/02xqq,Fax,Calculator,0.563633918762207
/m/02rdsp,Office supplies,/m/03m3vtv,Adhesive tape,Toilet paper,0.6272792220115662
/m/02rdsp,Office supplies,/m/04zwwv,Ring binder,Adhesive tape,0.5686337947845459
/m/02rdsp,Office supplies,/m/05676x,Pencil case,Pencil sharpener,0.690211296081543
/m/02rdsp,Office supplies,/m/05gqfk,Plastic bag,Toilet paper,0.6301233768463135
/m/02rdsp,Office supplies,/m/080n7g,Paper cutter,Toilet paper,0.6948225498199463
/m/02rdsp,Office supplies,/m/09gtd,Toilet paper,Paper cutter,0.6948225498199463
/m/02rdsp,Office supplies,/m/0frqm,Envelope,Box,0.5867466926574707
/m/02rdsp,Office supplies,/m/0k1tl,Pen,Pencil case,0.6585997343063354
/m/03hlz0c,Kitchen utensil,/m/01_5g,Chopsticks,Whisk,0.5894169807434082
/m/03hlz0c,Kitchen utensil,/m/027rl48,Ladle,Fork,0.45032525062561035
/m/03hlz0c,Kitchen utensil,/m/02d1br,Spatula,Spoon,0.658685564994812
/m/03hlz0c,Kitchen utensil,/m/02mqfb,Can opener,Bottle opener,0.6559803485870361
/m/03hlz0c,Kitchen utensil,/m/02pdsw,Cutting board,Pizza cutter,0.7128597497940063
/m/03hlz0c,Kitchen utensil,/m/02vwcm,Whisk,Chopsticks,0.5894169807434082
/m/03hlz0c,Kitchen utensil,/m/03v5tg,Drinking straw,Measuring cup,0.6425439119338989
/m/03hlz0c,Kitchen utensil,/m/04ctx,Knife,Spoon,0.6315356492996216
/m/03hlz0c,Kitchen utensil,/m/04f5ws,Bottle opener,Can opener,0.6559803485870361
/m/03hlz0c,Kitchen utensil,/m/07v9_z,Measuring cup,Drinking straw,0.6425439119338989
/m/03hlz0c,Kitchen utensil,/m/08ks85,Pizza cutter,Cutting board,0.7128597497940063
/m/03hlz0c,Kitchen utensil,/m/0cmx8,Spoon,Spatula,0.658685564994812
/m/03hlz0c,Kitchen utensil,/m/0dt3t,Fork,Knife,0.5951507687568665
/m/04brg2,Tableware,/m/01_5g,Chopsticks,Spoon,0.5611612200737
/m/04brg2,Tableware,/m/01fh4r,Teapot,Coffee cup,0.6099929809570312
/m/04brg2,Tableware,/m/02jvh9,Mug,Jug,0.6004540920257568
/m/04brg2,Tableware,/m/02p5f1q,Coffee cup,Kitchen knife,0.6237424612045288
/m/04brg2,Tableware,/m/02x8cch,Salt and pepper shakers,Cocktail shaker,0.6348883509635925
/m/04brg2,Tableware,/m/03hj559,Mixing bowl,Bowl,0.7159382104873657
/m/04brg2,Tableware,/m/03q5c7,Saucer,Spoon,0.5687565803527832
/m/04brg2,Tableware,/m/0440zs,Cocktail shaker,Salt and pepper shakers,0.6348883509635925
/m/04brg2,Tableware,/m/04dr76w,Bottle,Wine glass,0.6478791236877441
/m/04brg2,Tableware,/m/04kkgm,Bowl,Mixing bowl,0.7159382104873657
/m/04brg2,Tableware,/m/050gv4,Plate,Platter,0.7597764730453491
/m/04brg2,Tableware,/m/054fyh,Pitcher (Container),Mixing bowl,0.5398861169815063
/m/04brg2,Tableware,/m/058qzx,Kitchen knife,Coffee cup,0.6237424612045288
/m/04brg2,Tableware,/m/08hvt4,Jug,Mug,0.6004540920257568
/m/04brg2,Tableware,/m/099ssp,Platter,Plate,0.7597764730453491
/m/04brg2,Tableware,/m/09tvcd,Wine glass,Bottle,0.6478791236877441
/m/04brg2,Tableware,/m/0cmx8,Spoon,Plate,0.6128228902816772
/m/04brg2,Tableware,/m/0dt3t,Fork,Spoon,0.536687970161438
/m/04brg2,Tableware,/m/0h8n27j,Serving tray,Mixing bowl,0.644160270690918
/m/04brg2,Tableware,/m/0h8n6ft,Cake stand,Serving tray,0.6275085210800171
/m/0h99cwc,Kitchen appliance,/m/029bxz,Oven,Microwave oven,0.7264290452003479
/m/0h99cwc,Kitchen appliance,/m/02pjr4,Blender,Mixer,0.6959435939788818
/m/0h99cwc,Kitchen appliance,/m/02tsc9,Slow cooker,Pressure cooker,0.6988396644592285
/m/0h99cwc,Kitchen appliance,/m/03y6mg,Food processor,Slow cooker,0.6872107982635498
/m/0h99cwc,Kitchen appliance,/m/040b_t,Refrigerator,Dishwasher,0.648942232131958
/m/0h99cwc,Kitchen appliance,/m/04z4wx,Waffle iron,Microwave oven,0.5262106657028198
/m/0h99cwc,Kitchen appliance,/m/063rgb,Mixer,Blender,0.6959435939788818
/m/0h99cwc,Kitchen appliance,/m/07xyvk,Coffeemaker,Mixer,0.595204770565033
/m/0h99cwc,Kitchen appliance,/m/0fx9l,Microwave oven,Oven,0.7264290452003479
/m/0h99cwc,Kitchen appliance,/m/0h8ntjv,Pressure cooker,Slow cooker,0.6988396644592285
/m/0h99cwc,Kitchen appliance,/m/0ky7b,Dishwasher,Refrigerator,0.648942232131958
/m/02crq1,Couch,/m/03m3pdh,Sofa bed,Loveseat,0.5205649137496948
/m/02crq1,Couch,/m/0703r8,Loveseat,Sofa bed,0.52056485414505
/m/03ssj5,Bed,/m/061hd_,Infant bed,Studio couch,0.5244699716567993
/m/03ssj5,Bed,/m/026qbn5,Studio couch,Infant bed,0.5244700312614441
/m/04bcr3,Table,/m/078n6m,Coffee table,Kitchen & dining room table,0.7036811113357544
/m/04bcr3,Table,/m/0h8n5zk,Kitchen & dining room table,Coffee table,0.703681230545044
/m/01x3z,Clock,/m/046dlr,Alarm clock,Wall clock,0.7645484805107117
/m/01x3z,Clock,/m/06_72j,Digital clock,Wall clock,0.7697052955627441
/m/01x3z,Clock,/m/0h8mzrc,Wall clock,Digital clock,0.7697052955627441
/m/06msq,Sculpture,/m/0152hh,Snowman,Bust,0.4001506567001343
/m/06msq,Sculpture,/m/04yqq2,Bust,Bronze sculpture,0.4417096972465515
/m/06msq,Sculpture,/m/01yx86,Bronze sculpture,Bust,0.4417096972465515
/m/0h8nr_l,Bathroom accessory,/m/0162_1,Towel,Toilet paper,0.656453013420105
/m/0h8nr_l,Bathroom accessory,/m/09gtd,Toilet paper,Towel,0.656453013420105
/m/0h8nr_l,Bathroom accessory,/m/0c3mkw,Soap dispenser,Toilet paper,0.6121602058410645
/m/0h8nr_l,Bathroom accessory,/m/0h8nsvg,Facial tissue holder,Soap dispenser,0.4976572096347809
/m/01xgg_,Medical equipment,/m/012ysf,Syringe,Stethoscope,0.5465859174728394
/m/01xgg_,Medical equipment,/m/02lbcq,Stretcher,Stethoscope,0.5645902752876282
/m/01xgg_,Medical equipment,/m/073g6,Stethoscope,Stretcher,0.5645902752876282
/m/01xgg_,Medical equipment,/m/0j496,Band-aid,Stethoscope,0.5263162851333618
/m/04szw,Musical instrument,/m/013y1f,Organ (Musical Instrument),Violin,0.6286108493804932
/m/04szw,Musical instrument,/m/018j2,Banjo,Cello,0.6316832304000854
/m/04szw,Musical instrument,/m/01xqw,Cello,Violin,0.7642104029655457
/m/04szw,Musical instrument,/m/026t6,Drum,Piano,0.6453408598899841
/m/04szw,Musical instrument,/m/0319l,French horn,Harp,0.5466868877410889
/m/04szw,Musical instrument,/m/0342h,Guitar,Piano,0.7357285022735596
/m/04szw,Musical instrument,/m/03m5k,Harp,Harpsichord,0.6928069591522217
/m/04szw,Musical instrument,/m/03q5t,Harpsichord,Harp,0.6928069591522217
/m/04szw,Musical instrument,/m/03qjg,Harmonica,Piano,0.5577186346054077
/m/04szw,Musical instrument,/m/057cc,Musical keyboard,Piano,0.7136887907981873
/m/04szw,Musical instrument,/m/05kms,Oboe,Cello,0.5229829549789429
/m/04szw,Musical instrument,/m/05r5c,Piano,Violin,0.7573221921920776
/m/04szw,Musical instrument,/m/06ncr,Saxophone,Cello,0.7329522371292114
/m/04szw,Musical instrument,/m/07c6l,Trombone,Saxophone,0.6090242862701416
/m/04szw,Musical instrument,/m/07gql,Trumpet,Violin,0.6552809476852417
/m/04szw,Musical instrument,/m/07y_7,Violin,Cello,0.7642104029655457
/m/04szw,Musical instrument,/m/0f8s22,Chime,Flute,0.5184628367424011
/m/04szw,Musical instrument,/m/0l14j_,Flute,Violin,0.6781765222549438
/m/04szw,Musical instrument,/m/0mkg,Accordion,Harpsichord,0.6004567742347717
/m/04szw,Musical instrument,/m/0xzly,Maraca,Harmonica,0.49523186683654785
/m/018xm,Ball (Object),/m/01226z,Football,Rugby ball,0.6632635593414307
/m/018xm,Ball (Object),/m/02ctlc,Cricket ball,Rugby ball,0.7882883548736572
/m/018xm,Ball (Object),/m/02rgn06,Volleyball (Ball),Tennis ball,0.581616997718811
/m/018xm,Ball (Object),/m/05ctyq,Tennis ball,Cricket ball,0.7555986046791077
/m/018xm,Ball (Object),/m/0wdt60w,Rugby ball,Cricket ball,0.7882883548736572
/m/0dv9c,Racket,/m/0h8my_4,Tennis racket,Table tennis racket,0.9214935302734375
/m/0dv9c,Racket,/m/05_5p_0,Table tennis racket,Tennis racket,0.9214935898780823
/m/0zvk5,Helmet,/m/03p3bw,Bicycle helmet,Football helmet,0.7517296075820923
/m/0zvk5,Helmet,/m/07qxg_,Football helmet,Bicycle helmet,0.7517296075820923
/m/011q46kg,Container,/m/02jnhm,Tin can,Picnic basket,0.5918759107589722
/m/011q46kg,Container,/m/02zn6n,Barrel,Bottle,0.6995017528533936
/m/011q46kg,Container,/m/04dr76w,Bottle,Barrel,0.6995017528533936
/m/011q46kg,Container,/m/07kng9,Picnic basket,Waste container,0.6143009662628174
/m/011q46kg,Container,/m/08hvt4,Jug,Barrel,0.4648358225822449
/m/011q46kg,Container,/m/0bjyj5,Waste container,Picnic basket,0.6143009662628174
/m/011q46kg,Container,/m/0d20w4,Beaker,Bottle,0.5618994832038879
/m/011q46kg,Container,/m/0fm3zh,Flowerpot,Bottle,0.516431450843811
/m/03hlz0c,Kitchen utensil,/m/01_5g,Chopsticks,Whisk,0.5894169807434082
/m/03hlz0c,Kitchen utensil,/m/027rl48,Ladle,Fork,0.45032525062561035
/m/03hlz0c,Kitchen utensil,/m/02d1br,Spatula,Spoon,0.658685564994812
/m/03hlz0c,Kitchen utensil,/m/02mqfb,Can opener,Bottle opener,0.6559803485870361
/m/03hlz0c,Kitchen utensil,/m/02pdsw,Cutting board,Pizza cutter,0.7128597497940063
/m/03hlz0c,Kitchen utensil,/m/02vwcm,Whisk,Chopsticks,0.5894169807434082
/m/03hlz0c,Kitchen utensil,/m/03v5tg,Drinking straw,Measuring cup,0.6425439119338989
/m/03hlz0c,Kitchen utensil,/m/04ctx,Knife,Spoon,0.6315356492996216
/m/03hlz0c,Kitchen utensil,/m/04f5ws,Bottle opener,Can opener,0.6559803485870361
/m/03hlz0c,Kitchen utensil,/m/07v9_z,Measuring cup,Drinking straw,0.6425439119338989
/m/03hlz0c,Kitchen utensil,/m/08ks85,Pizza cutter,Cutting board,0.7128597497940063
/m/03hlz0c,Kitchen utensil,/m/0cmx8,Spoon,Spatula,0.658685564994812
/m/03hlz0c,Kitchen utensil,/m/0dt3t,Fork,Knife,0.5951507687568665
/m/083kb,Weapon,/m/01g3x7,Bow and arrow,Sword,0.5909028053283691
/m/083kb,Weapon,/m/020kz,Cannon,Handgun,0.5725077390670776
/m/083kb,Weapon,/m/02gzp,Dagger,Handgun,0.667231559753418
/m/083kb,Weapon,/m/04ctx,Knife,Rifle,0.7112797498703003
/m/083kb,Weapon,/m/06c54,Rifle,Missile,0.7568845152854919
/m/083kb,Weapon,/m/06nrc,Shotgun,Handgun,0.8213270902633667
/m/083kb,Weapon,/m/07cmd,Tank,Rifle,0.5913008451461792
/m/083kb,Weapon,/m/0c2jj,Axe,Rifle,0.6086536645889282
/m/083kb,Weapon,/m/0gxl3,Handgun,Shotgun,0.8213270902633667
/m/083kb,Weapon,/m/06y5r,Sword,Knife,0.687872052192688
/m/083kb,Weapon,/m/04ylt,Missile,Rifle,0.7568845152854919
/m/083kb,Weapon,/m/0ct4f,Bomb,Missile,0.6348702907562256
/m/07cx4,Telephone,/m/050k8,Mobile phone,Corded phone,0.7667375802993774
/m/07cx4,Telephone,/m/0h8lkj8,Corded phone,Mobile phone,0.766737699508667
/m/02p0tk3,Human body,/m/014sv8,Human eye,Human face,0.8611117601394653
/m/02p0tk3,Human body,/m/016m2d,Skull,Human head,0.5749512910842896
/m/02p0tk3,Human body,/m/04hgtk,Human head,Human face,0.8528878688812256
/m/02p0tk3,Human body,/m/0dzct,Human face,Human eye,0.8611117601394653
/m/02p0tk3,Human body,/m/0283dt1,Human mouth,Human nose,0.8081644773483276
/m/02p0tk3,Human body,/m/039xj_,Human ear,Human eye,0.7957192063331604
/m/02p0tk3,Human body,/m/0k0pj,Human nose,Human mouth,0.8081644773483276
/m/02p0tk3,Human body,/m/03q69,Human hair,Human head,0.811574399471283
/m/02p0tk3,Human body,/m/0k65p,Human hand,Human arm,0.8564349412918091
/m/02p0tk3,Human body,/m/031n1,Human foot,Human leg,0.8986093997955322
/m/02p0tk3,Human body,/m/0dzf4,Human arm,Human hand,0.8564349412918091
/m/02p0tk3,Human body,/m/035r7c,Human leg,Human foot,0.8986093997955322
/m/02p0tk3,Human body,/m/015h_t,Beard,Human hair,0.649014949798584
/m/01_bhs,Fast food,/m/01b9xk,Hot dog,French fries,0.5414127707481384
/m/01_bhs,Fast food,/m/02y6n,French fries,Hot dog,0.5414127707481384
/m/01ww8y,Snack,/m/01f91_,Pretzel,Popcorn,0.5392280220985413
/m/01ww8y,Snack,/m/01hrv5,Popcorn,Cookie,0.6002122163772583
/m/01ww8y,Snack,/m/021mn,Cookie,Popcorn,0.6002123355865479
/m/0270h,Dessert,/m/01tcjp,Muffin,Cookie,0.5577059984207153
/m/0270h,Dessert,/m/021mn,Cookie,Cake,0.7290719747543335
/m/0270h,Dessert,/m/0cxn2,Ice cream,Cookie,0.5661839246749878
/m/0270h,Dessert,/m/0fszt,Cake,Cookie,0.7290719747543335
/m/0270h,Dessert,/m/0gm28,Candy,Cookie,0.61341392993927
/m/02xwb,Fruit,/m/014j1m,Apple,Pineapple,0.6748524308204651
/m/02xwb,Fruit,/m/0388q,Grape,Grapefruit,0.8059567213058472
/m/02xwb,Fruit,/m/043nyj,Common fig,Lemon (plant),0.4949507713317871
/m/02xwb,Fruit,/m/061_f,Pear,Peach,0.7207410335540771
/m/02xwb,Fruit,/m/07fbm7,Strawberry,Grapefruit,0.6302927136421204
/m/02xwb,Fruit,/m/07j87,Tomato,Pomegranate,0.6049030423164368
/m/02xwb,Fruit,/m/09k_b,Lemon (plant),Orange (fruit),0.69283127784729
/m/02xwb,Fruit,/m/09qck,Banana,Pineapple,0.5968749523162842
/m/02xwb,Fruit,/m/0cyhj_,Orange (fruit),Lemon (plant),0.69283127784729
/m/02xwb,Fruit,/m/0dj6p,Peach,Pear,0.7207410335540771
/m/02xwb,Fruit,/m/0fldg,Mango,Tomato,0.5970070958137512
/m/02xwb,Fruit,/m/0fp6w,Pineapple,Grapefruit,0.6965740919113159
/m/02xwb,Fruit,/m/0hqkz,Grapefruit,Grape,0.8059567213058472
/m/02xwb,Fruit,/m/0jwn_,Pomegranate,Watermelon,0.7075995206832886
/m/02xwb,Fruit,/m/0kpqd,Watermelon,Pomegranate,0.7075995206832886
/m/02xwb,Fruit,/m/0kpt_,Cantaloupe,Pineapple,0.4223077595233917
/m/0hnyx,Pastry,/m/0jy4k,Doughnut,Tart,0.5587584376335144
/m/0hnyx,Pastry,/m/015wgc,Croissant,Doughnut,0.5237761735916138
/m/0hnyx,Pastry,/m/02zvsm,Tart,Doughnut,0.5587584376335144
/m/0fbdv,Shellfish,/m/0_cp5,Oyster,Lobster,0.7183272838592529
/m/0fbdv,Shellfish,/m/0cjq5,Lobster,Oyster,0.7183272838592529
/m/0fbdv,Shellfish,/m/0ll1f78,Shrimp,Crab,0.6688999533653259
/m/0fbdv,Shellfish,/m/0n28_,Crab,Shrimp,0.6688999533653259
/m/0dv77,Squash (Plant),/m/05zsy,Pumpkin,Zucchini,0.5446639060974121
/m/0dv77,Squash (Plant),/m/027pcv,Zucchini,Pumpkin,0.5446639060974121
/m/0l515,Sandwich,/m/0cdn1,Hamburger,Submarine sandwich,0.5286744236946106
/m/0l515,Sandwich,/m/06pcq,Submarine sandwich,Hamburger,0.5286744236946106
/m/0284d,Dairy Product,/m/01nkt,Cheese,Milk,0.580951452255249
/m/0284d,Dairy Product,/m/04zpv,Milk,Cheese,0.580951452255249
/m/07j7r,Tree,/m/025nd,Christmas tree,Palm tree,0.7696536183357239
/m/07j7r,Tree,/m/0cdl1,Palm tree,Christmas tree,0.7696536183357239
/m/07j7r,Tree,/m/0cffdh,Maple,Palm tree,0.5361249446868896
/m/07j7r,Tree,/m/0mw_6,Willow,Palm tree,0.44276171922683716
/m/0c9ph5,Flower,/m/04gth,Lavender (Plant),Common sunflower,0.48279279470443726
/m/0c9ph5,Flower,/m/06m11,Rose,Lily,0.5725536346435547
/m/0c9ph5,Flower,/m/0ftb8,Common sunflower,Lavender (Plant),0.48279279470443726
/m/0c9ph5,Flower,/m/0jqgx,Lily,Rose,0.5725536346435547
/m/0k4j,Car,/m/01lcw4,Limousine,Van,0.5521332621574402
/m/0k4j,Car,/m/0h2r6,Van,Limousine,0.5521332621574402
/m/08dz3q,Auto part,/m/01jfm_,Vehicle registration plate,Seat belt,0.5874675512313843
/m/08dz3q,Auto part,/m/083wq,Wheel,Tire,0.6248040199279785
/m/08dz3q,Auto part,/m/0dkzw,Seat belt,Wheel,0.6035001873970032
/m/08dz3q,Auto part,/m/0h9mv,Tire,Wheel,0.6248040199279785
/m/019jd,Boat,/m/01btn,Barge,Canoe,0.4924938976764679
/m/019jd,Boat,/m/02068x,Gondola,Canoe,0.5486317873001099
/m/019jd,Boat,/m/0ph39,Canoe,Gondola,0.5486318469047546
/m/0k5j,Aircraft,/m/09ct_,Helicopter,Fixed-wing aircraft,0.5856595635414124
/m/0k5j,Aircraft,/m/0cmf2,Fixed-wing aircraft,Helicopter,0.5856595635414124
/m/0k5j,Aircraft,/m/09rvcxw,Rocket,Helicopter,0.585413932800293
/m/02dl1y,Hat,/m/025rp__,Cowboy hat,Sun hat,0.7101772427558899
/m/02dl1y,Hat,/m/02fq_6,Fedora,Sombrero,0.44270139932632446
/m/02dl1y,Hat,/m/02jfl0,Sombrero,Sun hat,0.5891762375831604
/m/02dl1y,Hat,/m/02wbtzl,Sun hat,Cowboy hat,0.7101772427558899
/m/02dl1y,Hat,/m/025rp__,Cowboy hat,Sun hat,0.7101772427558899
/m/02dl1y,Hat,/m/02fq_6,Fedora,Sombrero,0.44270139932632446
/m/02dl1y,Hat,/m/02jfl0,Sombrero,Sun hat,0.5891762375831604
/m/02dl1y,Hat,/m/02wbtzl,Sun hat,Cowboy hat,0.7101772427558899
/m/09j5n,Footwear,/m/02p3w7d,Roller skates,High heels,0.6068621277809143
/m/09j5n,Footwear,/m/01b638,Boot,High heels,0.4979008138179779
/m/09j5n,Footwear,/m/06k2mb,High heels,Roller skates,0.6068621277809143
/m/09j5n,Footwear,/m/03nfch,Sandal,High heels,0.5907940864562988
/m/0hf58v5,Luggage and bags,/m/01940j,Backpack,Handbag,0.6998385190963745
/m/0hf58v5,Luggage and bags,/m/01s55n,Suitcase,Briefcase,0.7250641584396362
/m/0hf58v5,Luggage and bags,/m/0584n8,Briefcase,Suitcase,0.7250641584396362
/m/0hf58v5,Luggage and bags,/m/080hkjn,Handbag,Backpack,0.6998385190963745
/m/0zvk5,Helmet,/m/03p3bw,Bicycle helmet,Football helmet,0.7517296075820923
/m/0zvk5,Helmet,/m/07qxg_,Football helmet,Bicycle helmet,0.7517296075820923
/m/015p6,Bird,/m/012074,Magpie,Sparrow,0.5083128213882446
/m/015p6,Bird,/m/01dy8n,Woodpecker,Duck,0.5087339878082275
/m/015p6,Bird,/m/01f8m5,Blue jay,Eagle,0.448320209980011
/m/015p6,Bird,/m/05n4y,Ostrich,Owl,0.4418547749519348
/m/015p6,Bird,/m/05z6w,Penguin,Chicken,0.538719892501831
/m/015p6,Bird,/m/06j2d,Raven,Falcon,0.542321503162384
/m/015p6,Bird,/m/09b5t,Chicken,Parrot,0.5822486877441406
/m/015p6,Bird,/m/09csl,Eagle,Owl,0.5908294916152954
/m/015p6,Bird,/m/09d5_,Owl,Eagle,0.5908294916152954
/m/015p6,Bird,/m/09ddx,Duck,Parrot,0.5334344506263733
/m/015p6,Bird,/m/0ccs93,Canary,Chicken,0.5459900498390198
/m/015p6,Bird,/m/0dbvp,Goose,Parrot,0.5100741386413574
/m/015p6,Bird,/m/0dftk,Swan,Sparrow,0.5489916801452637
/m/015p6,Bird,/m/0f6wt,Falcon,Eagle,0.5530076026916504
/m/015p6,Bird,/m/0gv1x,Parrot,Sparrow,0.6883618235588074
/m/015p6,Bird,/m/0h23m,Sparrow,Parrot,0.6883618831634521
/m/015p6,Bird,/m/0jly1,Turkey,Chicken,0.5799266695976257
/m/03hl4l9,Marine invertebrates,/m/01h8tj,Starfish,Jellyfish,0.7299296855926514
/m/03hl4l9,Marine invertebrates,/m/035vxb,Isopod,Squid,0.5428977608680725
/m/03hl4l9,Marine invertebrates,/m/09gys,Squid,Shrimp,0.6453619003295898
/m/03hl4l9,Marine invertebrates,/m/0cjq5,Lobster,Shrimp,0.6274341344833374
/m/03hl4l9,Marine invertebrates,/m/0d8zb,Jellyfish,Starfish,0.7299296855926514
/m/03hl4l9,Marine invertebrates,/m/0ll1f78,Shrimp,Crab,0.6688999533653259
/m/03hl4l9,Marine invertebrates,/m/0n28_,Crab,Shrimp,0.6688999533653259
/m/0d_2m,Moths and butterflies,/m/0cydv,Caterpillar,Butterfly,0.5260348916053772
/m/0d_2m,Moths and butterflies,/m/0cyf8,Butterfly,Caterpillar,0.526034951210022
/m/01dws,Bear,/m/01dxs,Brown bear,Polar bear,0.7411399483680725
/m/01dws,Bear,/m/03bj1,Panda,Teddy bear,0.5226740837097168
/m/01dws,Bear,/m/0633h,Polar bear,Brown bear,0.7411399483680725
/m/01dws,Bear,/m/0kmg4,Teddy bear,Brown bear,0.679654598236084
/m/0gd2v,Marine mammal,/m/02hj4,Dolphin,Whale,0.5724740624427795
/m/0gd2v,Marine mammal,/m/084zz,Whale,Dolphin,0.5724740624427795
/m/0gd2v,Marine mammal,/m/0gd36,Sea lion,Harbor seal,0.6036643981933594
/m/0gd2v,Marine mammal,/m/02l8p9,Harbor seal,Sea lion,0.6036643981933594
/m/09dzg,Turtle,/m/011k07,Tortoise,Sea turtle,0.5238388776779175
/m/09dzg,Turtle,/m/0120dh,Sea turtle,Tortoise,0.5238388776779175
/m/0ch_cf,Fish,/m/03fj2,Goldfish,Shark,0.5066134333610535
/m/0ch_cf,Fish,/m/0by6g,Shark,Seahorse,0.5420374870300293
/m/0ch_cf,Fish,/m/0m53l,Rays and skates,Shark,0.4356333613395691
/m/0ch_cf,Fish,/m/0nybt,Seahorse,Shark,0.5420374870300293
/m/0fbdv,Shellfish,/m/0_cp5,Oyster,Lobster,0.7183272838592529
/m/0fbdv,Shellfish,/m/0cjq5,Lobster,Oyster,0.7183272838592529
/m/0fbdv,Shellfish,/m/0ll1f78,Shrimp,Crab,0.6688999533653259
/m/0fbdv,Shellfish,/m/0n28_,Crab,Shrimp,0.6688999533653259
/m/014trl,Cosmetics,/m/02xb7qb,Face powder,Hair spray,0.5722823143005371
/m/014trl,Cosmetics,/m/05w9t9,Hair spray,Face powder,0.5722823143005371
/m/014trl,Cosmetics,/m/06c7f7,Lipstick,Perfume,0.6100366115570068
/m/014trl,Cosmetics,/m/0p833,Perfume,Lipstick,0.6100366115570068
/m/02w3_ws,Personal care,/m/012xff,Toothbrush,Goggles,0.5718156099319458
/m/02w3_ws,Personal care,/m/017ftj,Sunglasses,Glasses,0.8600725531578064
/m/02w3_ws,Personal care,/m/02_n6y,Goggles,Sunglasses,0.8429242968559265
/m/02w3_ws,Personal care,/m/05441v,Crutch,Toothbrush,0.5072585344314575
/m/02w3_ws,Personal care,/m/08p92x,Cream,Glasses,0.5314456224441528
/m/02w3_ws,Personal care,/m/0f571,Diaper,Glasses,0.5271792411804199
/m/02w3_ws,Personal care,/m/0jyfg,Glasses,Sunglasses,0.8600725531578064
/m/02w3_ws,Personal care,/m/0qmmr,Wheelchair,Sunglasses,0.5859470367431641
/m/01xgg_,Medical equipment,/m/012ysf,Syringe,Stethoscope,0.5465859174728394
/m/01xgg_,Medical equipment,/m/02lbcq,Stretcher,Stethoscope,0.5645902752876282
/m/01xgg_,Medical equipment,/m/073g6,Stethoscope,Stretcher,0.5645902752876282
/m/01xgg_,Medical equipment,/m/0j496,Band-aid,Stethoscope,0.5263162851333618
/m/04szw,Musical instrument,/m/013y1f,Organ (Musical Instrument),Violin,0.6286108493804932
/m/04szw,Musical instrument,/m/018j2,Banjo,Cello,0.6316832304000854
/m/04szw,Musical instrument,/m/01xqw,Cello,Violin,0.7642104029655457
/m/04szw,Musical instrument,/m/026t6,Drum,Piano,0.6453408598899841
/m/04szw,Musical instrument,/m/0319l,French horn,Harp,0.5466868877410889
/m/04szw,Musical instrument,/m/0342h,Guitar,Piano,0.7357285022735596
/m/04szw,Musical instrument,/m/03m5k,Harp,Harpsichord,0.6928069591522217
/m/04szw,Musical instrument,/m/03q5t,Harpsichord,Harp,0.6928069591522217
/m/04szw,Musical instrument,/m/03qjg,Harmonica,Piano,0.5577186346054077
/m/04szw,Musical instrument,/m/057cc,Musical keyboard,Piano,0.7136887907981873
/m/04szw,Musical instrument,/m/05kms,Oboe,Cello,0.5229829549789429
/m/04szw,Musical instrument,/m/05r5c,Piano,Violin,0.7573221921920776
/m/04szw,Musical instrument,/m/06ncr,Saxophone,Cello,0.7329522371292114
/m/04szw,Musical instrument,/m/07c6l,Trombone,Saxophone,0.6090242862701416
/m/04szw,Musical instrument,/m/07gql,Trumpet,Violin,0.6552809476852417
/m/04szw,Musical instrument,/m/07y_7,Violin,Cello,0.7642104029655457
/m/04szw,Musical instrument,/m/0f8s22,Chime,Flute,0.5184628367424011
/m/04szw,Musical instrument,/m/0l14j_,Flute,Violin,0.6781765222549438
/m/04szw,Musical instrument,/m/0mkg,Accordion,Harpsichord,0.6004567742347717
/m/04szw,Musical instrument,/m/0xzly,Maraca,Harmonica,0.49523186683654785
/m/018xm,Ball (Object),/m/01226z,Football,Rugby ball,0.6632635593414307
/m/018xm,Ball (Object),/m/02ctlc,Cricket ball,Rugby ball,0.7882883548736572
/m/018xm,Ball (Object),/m/02rgn06,Volleyball (Ball),Tennis ball,0.581616997718811
/m/018xm,Ball (Object),/m/05ctyq,Tennis ball,Cricket ball,0.7555986046791077
/m/018xm,Ball (Object),/m/0wdt60w,Rugby ball,Cricket ball,0.7882883548736572
/m/0dv9c,Racket,/m/0h8my_4,Tennis racket,Table tennis racket,0.9214935302734375
/m/0dv9c,Racket,/m/05_5p_0,Table tennis racket,Tennis racket,0.9214935898780823
/m/0zvk5,Helmet,/m/03p3bw,Bicycle helmet,Football helmet,0.7517296075820923
/m/0zvk5,Helmet,/m/07qxg_,Football helmet,Bicycle helmet,0.7517296075820923
/m/011q46kg,Container,/m/02jnhm,Tin can,Picnic basket,0.5918759107589722
/m/011q46kg,Container,/m/02zn6n,Barrel,Bottle,0.6995017528533936
/m/011q46kg,Container,/m/04dr76w,Bottle,Barrel,0.6995017528533936
/m/011q46kg,Container,/m/07kng9,Picnic basket,Waste container,0.6143009662628174
/m/011q46kg,Container,/m/08hvt4,Jug,Barrel,0.4648358225822449
/m/011q46kg,Container,/m/0bjyj5,Waste container,Picnic basket,0.6143009662628174
/m/011q46kg,Container,/m/0d20w4,Beaker,Bottle,0.5618994832038879
/m/011q46kg,Container,/m/0fm3zh,Flowerpot,Bottle,0.516431450843811
/m/03hlz0c,Kitchen utensil,/m/01_5g,Chopsticks,Whisk,0.5894169807434082
/m/03hlz0c,Kitchen utensil,/m/027rl48,Ladle,Fork,0.45032525062561035
/m/03hlz0c,Kitchen utensil,/m/02d1br,Spatula,Spoon,0.658685564994812
/m/03hlz0c,Kitchen utensil,/m/02mqfb,Can opener,Bottle opener,0.6559803485870361
/m/03hlz0c,Kitchen utensil,/m/02pdsw,Cutting board,Pizza cutter,0.7128597497940063
/m/03hlz0c,Kitchen utensil,/m/02vwcm,Whisk,Chopsticks,0.5894169807434082
/m/03hlz0c,Kitchen utensil,/m/03v5tg,Drinking straw,Measuring cup,0.6425439119338989
/m/03hlz0c,Kitchen utensil,/m/04ctx,Knife,Spoon,0.6315356492996216
/m/03hlz0c,Kitchen utensil,/m/04f5ws,Bottle opener,Can opener,0.6559803485870361
/m/03hlz0c,Kitchen utensil,/m/07v9_z,Measuring cup,Drinking straw,0.6425439119338989
/m/03hlz0c,Kitchen utensil,/m/08ks85,Pizza cutter,Cutting board,0.7128597497940063
/m/03hlz0c,Kitchen utensil,/m/0cmx8,Spoon,Spatula,0.658685564994812
/m/03hlz0c,Kitchen utensil,/m/0dt3t,Fork,Knife,0.5951507687568665
/m/083kb,Weapon,/m/01g3x7,Bow and arrow,Sword,0.5909028053283691
/m/083kb,Weapon,/m/020kz,Cannon,Handgun,0.5725077390670776
/m/083kb,Weapon,/m/02gzp,Dagger,Handgun,0.667231559753418
/m/083kb,Weapon,/m/04ctx,Knife,Rifle,0.7112797498703003
/m/083kb,Weapon,/m/06c54,Rifle,Missile,0.7568845152854919
/m/083kb,Weapon,/m/06nrc,Shotgun,Handgun,0.8213270902633667
/m/083kb,Weapon,/m/07cmd,Tank,Rifle,0.5913008451461792
/m/083kb,Weapon,/m/0c2jj,Axe,Rifle,0.6086536645889282
/m/083kb,Weapon,/m/0gxl3,Handgun,Shotgun,0.8213270902633667
/m/083kb,Weapon,/m/06y5r,Sword,Knife,0.687872052192688
/m/083kb,Weapon,/m/04ylt,Missile,Rifle,0.7568845152854919
/m/083kb,Weapon,/m/0ct4f,Bomb,Missile,0.6348702907562256
/m/07cx4,Telephone,/m/050k8,Mobile phone,Corded phone,0.7667375802993774
/m/07cx4,Telephone,/m/0h8lkj8,Corded phone,Mobile phone,0.766737699508667
/m/0271t,Drink,/m/01599,Beer,Tea,0.6382129788398743
/m/0271t,Drink,/m/024g6,Cocktail,Tea,0.6311156749725342
/m/0271t,Drink,/m/02vqfm,Coffee (drink),Tea,0.6327514052391052
/m/0271t,Drink,/m/01z1kdw,Juice,Cocktail,0.5595161318778992
/m/0271t,Drink,/m/07clx,Tea,Beer,0.6382129788398743
/m/0271t,Drink,/m/081qc,Wine,Beer,0.6074084043502808
/m/02p0tk3,Human body,/m/014sv8,Human eye,Human face,0.8611117601394653
/m/02p0tk3,Human body,/m/016m2d,Skull,Human head,0.5749512910842896
/m/02p0tk3,Human body,/m/04hgtk,Human head,Human face,0.8528878688812256
/m/02p0tk3,Human body,/m/0dzct,Human face,Human eye,0.8611117601394653
/m/02p0tk3,Human body,/m/0283dt1,Human mouth,Human nose,0.8081644773483276
/m/02p0tk3,Human body,/m/039xj_,Human ear,Human eye,0.7957192063331604
/m/02p0tk3,Human body,/m/0k0pj,Human nose,Human mouth,0.8081644773483276
/m/02p0tk3,Human body,/m/03q69,Human hair,Human head,0.811574399471283
/m/02p0tk3,Human body,/m/0k65p,Human hand,Human arm,0.8564349412918091
/m/02p0tk3,Human body,/m/031n1,Human foot,Human leg,0.8986093997955322
/m/02p0tk3,Human body,/m/0dzf4,Human arm,Human hand,0.8564349412918091
/m/02p0tk3,Human body,/m/035r7c,Human leg,Human foot,0.8986093997955322
/m/02p0tk3,Human body,/m/015h_t,Beard,Human hair,0.649014949798584
/m/08dz3q,Auto part,/m/01jfm_,Vehicle registration plate,Seat belt,0.5874675512313843
/m/08dz3q,Auto part,/m/083wq,Wheel,Tire,0.6248040199279785
/m/08dz3q,Auto part,/m/0dkzw,Seat belt,Wheel,0.6035001873970032
/m/08dz3q,Auto part,/m/0h9mv,Tire,Wheel,0.6248040199279785
